Title,Author First,Author Last,Year,Genre,Gwen Read?,Dale Read?,Location,Format,SE,Pages,Who Bought?
Apothecary Diaries Art Book,-,-,,Art,Y,,Office,Paperback,,,Gwen
My Happy Marriage Art Book,-,-,,Art,Y,,Office,Hardback,,,Gwen
Spy X Family Animation Art Book,-,-,,Art,Y,,Office,Paperback,,,Gwen
Suzume Art Book,-,-,,Art,Y,,Office,Paperback,,,Gwen
The Art of Witch Hat Atelier,-,-,,Art,Y,,Display,Hardback,,,Gwen
The Devils 1: The Devils,Joe,Abercrombie,2025,Fantasy,Y,,Hardback,Hardback,Broken Binding,565,Gwen
The First Law 1: The Blade Itself,Joe,Abercrombie,2006,Fantasy,N,N,Paperback,Paperback,,515,Gwen
"Life, the Universe, and Everything",Douglas,Adams,1982,Sci-Fi,Y,Y,Display,Hardback,Folio Society,194,Gwen
The Hitchhiker's Guide to the Galaxy,Douglas,Adams,1979,Sci-Fi,Y,Y,Display,Hardback,Folio Society,174,Dale
The Hitchhiker's Guide to the Galaxy,Douglas,Adams,1979,Sci-Fi,Y,Y,Paperback,Paperback,,210,Gwen
The Hitchhiker's Guide to the Galaxy,Douglas,Adams,1979,Sci-Fi,Y,Y,Paperback,Paperback,,216,Gwen
The Restaurant at the End of the Universe,Douglas,Adams,1980,Sci-Fi,Y,Y,Display,Hardback,Folio Society,208,Gwen
The Restaurant at the End of the Universe,Douglas,Adams,1980,Sci-Fi,Y,Y,Paperback,Paperback,,,Gwen
The Ultimate Hichhiker's Guide,Douglas ,Adams,1997,Sci-Fi,Y,Y,Hardback,Hardback,,815,Dale
Rashomon and Seventeen Other Stories,Ryuunosuke,Akutagawa,2006,Short Stories,N,,Paperback,Paperback,,268,Gwen
Leave the World Behind,Rumaan,Alam,2020,Mystery,N,,Hardback,Hardback,BotM,241,Gwen
The Hazel Wood 1: The Hazel Wood,Melissa,Albert,2018,Fantasy,N,,Hardback,Hardback,,359,Gwen
The Hazel Wood 2: The Night Country,Melissa,Albert,2019,Fantasy,N,,Hardback,Hardback,,326,Gwen
The Haunting of William Thorn,Ben,Alderson,2025,Horror,N,,Paperback,Paperback,,456,Gwen
The Devil's Cup: A History of the World According to Coffee,Stewart Lee,Allen,1999,History,N,,NF - History,Paperback,,,Dale
The Unmothers,Leslie J.,Anderson,2024,Horror,N,,Paperback,Paperback,,317,Gwen
Flowers in the Attic / Petals on the Wind,V.C.,Andrews,1979,Horror,I,,,Boxset,,868,Gwen
Garden of Shadows,V.C.,Andrews,1989,Horror,N,,,Boxset,,327,Gwen
If There Be Thorns / Seeds of Yesterday,V.C.,Andrews,1981,Horror,N,,,Boxset,,788,Gwen
Light from Uncommon Stars,Ryka,Aoki,2021,Sci-Fi,N,,Paperback,Paperback,,369,Gwen
The Civil Wars,-,Appian,1996,History,N/I,,NF - History,Paperback,,,Dale
The Winternight Trilogy 1: The Bear and the Nightingale,Katherine,Arden,2017,Fantasy,N,,Hardback,Hardback,Illumicrate,316,Gwen
The Winternight Trilogy 2: The Girl in the Tower,Katherine,Arden,2017,Fantasy,N,,Hardback,Hardback,Illumicrate,352,Gwen
The Winternight Trilogy 3: The Winter of the Witch,Katherine,Arden,2019,Fantasy,N,,Hardback,Hardback,Illumicrate,356,Gwen
Liquid Intelligence,Dave ,Arnold,2014,Cooking,N/A,N/A,,,,,Dale
Bungo Stray Dogs 1: Osamu Dazai's Entrance Exam,Kafka,Asagiri,2019,Light Novel,Y,N/I,Paperback,Paperback,,,Gwen
Bungo Stray Dogs 2: Osamu Dazai and the Dark Era,Kafka,Asagiri,2019,Light Novel,Y,N/I,Paperback,Paperback,,,Gwen
Bungo Stray Dogs 3: The Untold Origins of the Detective Agency,Kafka,Asagiri,2020,Light Novel,Y,N/I,Paperback,Paperback,,,Gwen
Bungo Stray Dogs 4: 55 Minutes,Kafka,Asagiri,2020,Light Novel,Y,N/I,Paperback,Paperback,,,Gwen
Bungo Stray Dogs 5: Dead Apple,Kafka,Asagiri,2020,Light Novel,N,N/I,Paperback,Paperback,,212,Gwen
Bungo Stray Dogs 6: Beast,Kafka,Asagiri,2021,Light Novel,N,N/I,Paperback,Paperback,,244,Gwen
"Bungo Stray Dogs 7: Dazai, Chuuya, Age Fifteen",Kafka,Asagiri,2022,Light Novel,Y,N/I,Paperback,Paperback,,,Gwen
Bungo Stray Dogs 8: Storm Bringer,Kafka,Asagiri,2022,Light Novel,N,N/I,Paperback,Paperback,,484,Gwen
86 Eighty-Six 1,Asato,Asato,2019,Light Novel,Y,N/I,Paperback,Paperback,,,Gwen
86 Eighty-Six 2,Asato,Asato,2019,Light Novel,N,N/I,Paperback,Paperback,,224,Gwen
86 Eighty-Six 3,Asato,Asato,2019,Light Novel,N,N/I,Paperback,Paperback,,,Gwen
86 Eighty-Six 4,Asato,Asato,2020,Light Novel,N,N/I,Paperback,Paperback,,,Gwen
Brass Man,Neil,Asher,2005,Sci-Fi,N,,Hardback,Hardback,,485,Dale
Gridlinked,Neil,Asher,2001,Sci-Fi,N,,Hardback,Hardback,,426,Dale
The Line of Polity,Neil,Asher,2003,Sci-Fi,N,,Paperback,Paperback,,,Dale
Mickey7 1: Mickey7,Edward,Ashton,2022,Sci-Fi,N,,Paperback,Paperback,,293,Gwen
Foundation 1: Foundation,Isaac,Asimov,1951,Sci-Fi,Y,,Paperback,Paperback,,,Gwen
Foundation 1: Foundation,Isaac,Asimov,1951,Sci-Fi,Y,,Display,Hardback,Folio,,Gwen
Foundation 2: Foundation and Empire,Isaac,Asimov,1952,Sci-Fi,Y,,Paperback,Paperback,,,Gwen
Foundation 2: Foundation and Empire,Isaac,Asimov,1952,Sci-Fi,Y,,Display,Hardback,Folio,,Gwen
Foundation 3: Second Foundation,Isaac,Asimov,1953,Sci-Fi,Y,,Display,Hardback,Folio,,Gwen
Foundation 4: Foundation's Edge,Isaac,Asimov,1982,Sci-Fi,Y,,Paperback,Paperback,,,Gwen
Nightfall and Other Stories,Isaac,Asimov,1969,Sci-Fi,Y,,Paperback,Paperback,,350,Gwen
Tales From Isaac Asimov,Isaac,Asimov,1986,Sci-Fi,Y,,Hardback,Hardback,,298,Gwen
The Caves of Steel,Isaac,Asimov,1953,Sci-Fi,Y,,Paperback,Paperback,,,Gwen
The Naked Sun,Isaac,Asimov,1957,Sci-Fi,Y,,Paperback,Paperback,,,Gwen
The Robots of Dawn,Isaac,Asimov,1983,Sci-Fi,Y,,Paperback,Paperback,,,Gwen
The Foundation Trilogy,Isaac ,Asimov,1951,Sci-Fi,Y,,Hardback,Hardback,,225,Dale
Regency Faerie Tales 1: Half a Soul,Olivia,Atwater,2020,Romantasy,N,N/I,Paperback,Paperback,,304,Gwen
Bunny,Mona,Awad,2020,Horror,Y,,Paperback,Paperback,,305,Gwen
Invoker Trilogy 1: A Song of Legends Lost,M. H.,Ayinde,2025,Fantasy,N,,Hardback,Hardback,Illumicrate,570,Gwen
My Friends,Fredrik,Backman,2025,Fiction,N,,Hardback,Hardback,,436,Gwen
The Scarlet Alchemist,Kylie Lee,Baker,2023,Fantasy,N,,Hardback,Hardback,Fairyloot,426,Gwen
Japanese Gothic,Kylie Lee,Baker,2026,Horror,N,Y,Hardback,Hardback,Evernight,351,Gwen
The Hexologists,Josiah,Bancroft,2023,Fantasy,N,,Paperback,Paperback,,318,Gwen
The Culture 05: Inversions,Iain M,Banks,1998,Sci-Fi,,,Paperback,Paperback,,,Dale
The Culture 06: Look to Windward,Iain M,Banks,200,Sci-Fi,,,Paperback,Paperback,,,Dale
The Culture 07: Matter,Iain M,Banks,2008,Sci-Fi,,,Paperback,Paperback,,,Dale
The Culture 08: Surface Detail,Iain M,Banks,2010,Sci-Fi,,,Paperback,Paperback,,,Dale
The Culture 09: The Hydrogen Sonata,Iain M,Banks,2012,Sci-Fi,,,Paperback,Paperback,,,Dale
The Culture 01: Consider Phlebas,Iain M.,Banks,1987,Sci-Fi,,Y,Paperback,Paperback,,,Dale
The Culture 02: The Player of Games,Iain M.,Banks,1988,Sci-Fi,,Y,Paperback,Paperback,,,Dale
The Culture 03: Use of Weapons,Iain M.,Banks,1990,Sci-Fi,,Y,Paperback,Paperback,,,Dale
The Culture 04: Excession,Iain M.,Banks,1996,Sci-Fi,,,Paperback,Paperback,,,Dale
The Culture: The Drawings,Iain M.,Banks,,,N,,Display,Hardback,,,Dale
Ninth House,Leigh,Bardugo,2019,Fantasy,N,,Paperback,Paperback,,461,Gwen
The Wounded Kingdom 1: Age of Assassins,RJ,Barker,2017,Fantasy,N,,Paperback,Paperback,,393,Gwen
Dead Silence,S.A.,Barnes,2021,Horror,N,,Hardback,Hardback,,343,Gwen
Square Foot Gardening,Mel,Bartholomew,,Gardening,N/I,,NF - Nature,Paperback,,,Dale
I'm Afraid You've Got Dragons,Peter S.,Beagle,2024,Fantasy,N,,Hardback,Hardback,,278,Gwen
The Last Unicorn,Peter S.,Beagle,1968,Fantasy,N,,Paperback,Paperback,,292,Gwen
The Second World War,Antony ,"Beevor,",2012,History,N/I,,NF - History,Paperback,,,Dale
Shadow of the Leviathan 1: The Tainted Cup,Robert Jackson,Bennett,2024,Fantasy,Y,,Hardback,Hardback,,413,Gwen
Shadow of the Leviathan 2: A Drop of Corruption,Robert Jackson,Bennett,2025,Fantasy,N,,Hardback,Hardback,,456,Gwen
The Joy of Music,Leonard,Bernstein,1959,Music,N/I,,NF - Musings,Paperback,,,Gwen
Beautyland,Marie-Helene,Bertino,2024,Sci-Fi,N,,Paperback,Paperback,,322,Gwen
Light a Penny Candle,Maeve,Binchy,1982,Fiction,Y,N/I,Paperback,Paperback,,582,Gwen
Book of Night,Holly,Black,2022,Fantasy,N,,Paperback,Paperback,,304,Gwen
The Darkest Part of the Forest,Holly,Black,2015,Fantasy,N,,Hardback,Hardback,LitJoy,336,Gwen
The Folk of the Air 1: The Cruel Prince,Holly,Black,2018,Fantasy,Y,N/I,Hardback,Hardback,LitJoy,378,Gwen
The Folk of the Air 2: The Wicked King,Holly,Black,2019,Fantasy,N,N/I,Hardback,Hardback,LitJoy,328,Gwen
The Folk of the Air 3: The Queen of Nothing,Holly,Black,2019,Fantasy,N,N/I,Hardback,Hardback,LitJoy,313,Gwen
The Folk of the Air 4: How The King of Elfhame Learned to Hate Stories,Holly,Black,2020,Fantasy,N,N/I,Hardback,Hardback,LitJoy,173,Gwen
The Stolen Heir 2: The Prisoner's Throne,Holly,Black,2024,Fantasy,N,N/I,Hardback,Hardback,LitJoy,362,Gwen
The Stolen Heir 1: The Stolen Heir,Holly,Black,2023,Fantasy,N,N/I,Hardback,Hardback,LitJoy,358,Gwen
Silent Victory,Clay ,Blair Jr.,1975,History,N/I,,NF - History,Paperback,,,Dale
Gifted and Talented,Olivie,Blake,2025,Fantasy,N,,Hardback,Hardback,Owlcrate,493,Gwen
The Romans: From Village to Empire,& Gargola & Talbert,Boatwright,2004,History,N/I,,NF - History,Hardback,,,Dale
Andromeda,Therese,Bohman,2025,Fiction,N,,Hardback,Hardback,BotM,180,Gwen
First-Time Caller,B.K.,Borison,2025,Romance,N,N/I,Hardback,Hardback,BotM,420,Gwen
"And Now, Back to You",B.K.,Borison,2026,Romance,N,N/I,Hardback,Hardback,BotM,440,Gwen
Month by month gardening IL/IN/OH,Beth,Botts,2015,Gardening,N/A,N/A,NF - Nature,Paperback,,,Dale
The Second Death of Locke,V.L.,Bovalino,2025,Romantasy,N,N/I,Hardback,Hardback,,465,Gwen
We Call Them Witches,India-Rose,Bower,2025,Horror,N,Y,Hardback,Hardback,Evernight,311,Gwen
The Martian Chronicles,Ray ,Bradbury,1950,Sci-Fi,N,,Paperback,,,,Dale
"Don't Worry, Be Grumpy",Ajahn,Brahm,2014,Philosophy,N,,NF - Musings,Paperback,,,Gwen
The Diviners 1: The Diviners,Linda,Bray,2012,Fantasy,N,,Hardback,Hardback,Bookish,445,Gwen
The Diviners 2: Lair of Dreams,Linda,Bray,2015,Fantasy,N,,Hardback,Hardback,Bookish,521,Gwen
The Diviners 3: Before the Devil Breaks You,Linda,Bray,2017,Fantasy,N,,Hardback,Hardback,Bookish,524,Gwen
The Diviners 4: The King of Crows,Linda,Bray,2020,Fantasy,N,,Hardback,Hardback,Bookish,545,Gwen
Sundiver,David ,Brin,1980,Sci-Fi,,,Paperback,,,,Dale
Everyday Cook,Alton,Brown,2016,Cooking,N/A,N/A,,,,,Dale
Good Eats 4 The Final Years,Alton,Brown,2022,Cooking,N/A,N/A,,,,,Dale
Red Rising 1: Red Rising,Pierce ,Brown,2014,Sci-Fi,Y,Y,Hardback,Hardback,,382,Dale
Islands of the Damned: A Marine at War in the Pacific,R.V. ,Burgin,2010,History,N/I,,NF - History,Paperback,,,Dale
Wooing the Witch Queen,Stephanie,Burgis,2025,Romantasy,N,N/I,Hardback,Hardback,,247,Gwen
Let Me Off at the Top!,Ron,Burgundy,2013,Biography,N/I,Y,NF - Bio,Hardback,,,Dale
Semiosis,Sue,Burke,2018,Sci-Fi,N,Y,Hardback,Hardback,,333,Dale
The Magic of Terry Pratchett,Marc,Burrows,2020,Biography,N,,NF - Bio,Hardback,,,Dale
The Dresden Files 01: Storm Front,Jim,Butcher,2000,Fantasy,Y,,Paperback,Paperback,,355,Gwen
The Dresden Files 02: Fool Moon,Jim,Butcher,2001,Fantasy,Y,,Paperback,Paperback,,,Gwen
The Dresden Files 03: Grave Peril,Jim,Butcher,2001,Fantasy,Y,,Paperback,Paperback,,,Gwen
The Dresden Files 04: Summer Knight,Jim,Butcher,2002,Fantasy,N,,Paperback,Paperback,,,Gwen
The Dresden Files 05: Death Masks,Jim,Butcher,2003,Fantasy,N,,Paperback,Paperback,,,Gwen
The Dresden Files 06: Blood Rites,Jim,Butcher,2004,Fantasy,N,,Paperback,Paperback,,,Gwen
The Dresden Files 07: Dead Beat,Jim,Butcher,2005,Fantasy,N,,Paperback,Paperback,,,Gwen
The Dresden Files 08: Proven Guilty,Jim,Butcher,2006,Fantasy,N,,Paperback,Paperback,,,Gwen
The Dresden Files 09: White Night,Jim,Butcher,2007,Fantasy,N,,Paperback,Paperback,,,Gwen
The Dresden Files 10: Small Favour,Jim,Butcher,2008,Fantasy,N,,Paperback,Paperback,,,Gwen
Kindred,Octavia E.,Butler,1979,Sci-Fi,Y,,Paperback,Paperback,,264,Gwen
The Lost Fleet: Dauntless,Jack ,Campbell,2006,Sci-Fi,N,Y,Paperback,Paperback,,,Dale
The Possession of Alba Diaz,Isabel,Canas,2025,Horror,Y,,Hardback,Hardback,,369,Gwen
Ender's Game: Ultimate Collection,Orson Scott,Card,,Graphic Novel,,,Comics,Paperback,,,Dale
Speaker for the Dead,Orson Scott,Card,1986,Sci-Fi,Y,Y,Hardback,Hardback,,382,Dale
Ender's Game,Orson Scott ,Card,1986,Sci-Fi,Y,Y,Hardback,Hardback,,226,Dale
Ender's Shadow,Orson Scott ,Card,1999,Sci-Fi,,Y,Hardback,Hardback,,379,Dale
Xenocide,Orson Scott ,Card,1991,Sci-Fi,,Y,Hardback,Hardback,,394,Dale
Rook & Rose 1: The Mask of Mirrors,M.A.,Carrick,2021,Fantasy,Y,,Hardback,Hardback,Broken Binding,631,Gwen
Rook & Rose 2: The Liar's Knot,M.A.,Carrick,2021,Fantasy,N,,Hardback,Hardback,Broken Binding,631,Gwen
Rook & Rose 3: Labyrinth's Heart,M.A.,Carrick,2023,Fantasy,N,,Hardback,Hardback,Broken Binding,635,Gwen
The Echo Archives 1: The Last Hour Between Worlds,Melissa,Caruso,2024,Romantasy,N,N/I,Hardback,Hardback,Illumicrate,383,Gwen
Lost Lambs,Madeline,Cash,2026,Fiction,N,,Hardback,Hardback,BotM,323,Gwen
Smuggler's Cove,Martin ,Cate,2013,Cooking,N/A,N/A,,,,,Dale
Summerland,Michael,Chabon,2002,Fantasy,Y,,Paperback,Paperback,,,Gwen
The Yiddish Policemens Union,Michael,Chabon,2007,Sci-Fi,N,,Hardback,Hardback,,414,Dale
The Daevabad Trilogy 1: The City of Brass,S.A.,Chakraborty,2017,Fantasy,Y,,Display,Hardback,Bookish,526,Gwen
The Daevabad Trilogy 2: The Kingdom of Copper,S.A.,Chakraborty,2019,Fantasy,Y,,Display,Hardback,Bookish,609,Gwen
The Daevabad Trilogy 3: The Empire of Gold,S.A.,Chakraborty,2020,Fantasy,Y,,Display,Hardback,Bookish,752,Gwen
The River of Silver (Tales from the Daevabad Trilogy),S.A.,Chakraborty,2022,Fantasy,Y,,Display,Hardback,,,Gwen
The Adventures of Amina al-Sirafi,Shannon,Chakraborty,2023,Fantasy,Y,,Hardback,Hardback,Fairyloot,489,Gwen
A Closed and Common Orbit,Becky ,Chambers,2016,Sci-Fi,N,,Paperback,Paperback,,,Dale
Record of a Spaceborn Few,Becky ,Chambers,2018,Sci-Fi,N,,Paperback,Paperback,,,Dale
The Long Way to a Small Angry Planet,Becky ,Chambers,2014,Sci-Fi,Y,Y,Paperback,Paperback,,,Dale
To Gaze Upon Wicked Gods,Molly X.,Chang,2024,Fantasy,N,,Hardback,Hardback,,368,Gwen
Fall of the Dragon 1: Of Jade and Dragons,Amber,Chen,2024,Fantasy,N,,Hardback,Hardback,Illumicrate,466,Gwen
Solo Leveling 1,-,Chugong,2021,Light Novel,Y,N/I,Paperback,Paperback,,,Gwen
Solo Leveling 2,-,Chugong,2021,Light Novel,Y,N/I,Paperback,Paperback,,,Gwen
Solo Leveling 3,-,Chugong,2021,Light Novel,Y,N/I,Paperback,Paperback,,,Gwen
Solo Leveling 4,-,Chugong,2022,Light Novel,Y,N/I,Paperback,Paperback,,,Gwen
Solo Leveling 5,-,Chugong,2022,Light Novel,Y,N/I,Paperback,Paperback,,,Gwen
Solo Leveling 6,-,Chugong,2022,Light Novel,Y,N/I,Paperback,Paperback,,,Gwen
Solo Leveling 7,-,Chugong,2023,Light Novel,Y,N/I,Paperback,Paperback,,,Gwen
Solo Leveling 8,-,Chugong,2023,Light Novel,Y,N/I,Paperback,Paperback,,,Gwen
Reaper 1: Silver Under Nightfall,Rin,Chupeco,2022,Fantasy,N,,Hardback,Hardback,,512,Gwen
Reaper 2: Court of Wanderers,Rin,Chupeco,2024,Fantasy,N,,Hardback,Hardback,,436,Gwen
The Night and its Moon 1: The Night and its Moon,Piper,CJ,2022,Romantasy,N,N/I,Paperback,Paperback,,528,Gwen
Sword Catcher,Cassandra,Clare,2023,Fantasy,N,,Hardback,Hardback,,624,Gwen
The Ghostwriter,Julie,Clark,2025,Mystery,N,,Hardback,Hardback,BotM,328,Gwen
Rendevous with Rama,Arthur C.,Clarke,1973,Sci-Fi,Y,,Paperback,Paperback,,,Gwen
Jonathan Strange & Mr. Norrell,Susanna,Clarke,2004,Fantasy,N,,Hardback,Hardback,,846,Gwen
Piranesi,Susanna,Clarke,2020,Fantasy,N,,Paperback,Paperback,,272,Gwen
Exiles,Mason,Coile,2025,Horror,N,,Hardback,Hardback,,205,Gwen
William,Mason,Coile,2024,Horror,Y,,Hardback,Hardback,,213,Gwen
The Kindred's Curse 1: Spark of the Everflame,Penn,Cole,2023,Romantasy,N,N/I,Hardback,Hardback,,401,Gwen
Hockey Night Fever,Stephen ,Cole,2015,Sports,N/I,Y,NF - Sports,Hardback,,,Dale
Abandoned Castles,Kieron ,Connoly,2017,Photo,N/A,N/A,,,,,Dale
Fall of Civilizations,Paul,Cooper,2024,History,Y,,NF - History,Hardback,,490,Gwen
The Expanse 1: Leviathan Wakes,James S.A. ,Corey,2011,Sci-Fi,Y,,Paperback,Paperback,,,Dale
Five Broken Blades,Mai,Corland,2024,Fantasy,N,,Hardback,Hardback,BotM,474,Gwen
Shoestring Theory,Marian,Costa,2024,Fantasy,N,,Paperback,Paperback,,329,Gwen
Jurassic Park,Michael,Crichton,1990,Sci-Fi,N,Y,Paperback,Paperback,,,Dale
The Everlands 1: Lightfall,Ed,Crocker,2025,Fantasy,N,,Hardback,Hardback,,365,Gwen
Recursion,Blake,Crouch,2019,Sci-Fi,,Y,Paperback,Paperback,,,Dale
Upgrade,Blake,Crouch,2022,Sci-Fi,N,,Hardback,Hardback,,341,Dale
Dark Matter,Blake ,Crouch,2016,Sci-Fi,N,,Hardback,Hardback,,342,Dale
Gwen & Art Are Not in Love,Lex,Croucher,2023,Romance,N,N/I,Hardback,Hardback,,407,Gwen
This Story Might Save Your Life,Tiffany,Crum,2026,Mystery,N,,Hardback,Hardback,BotM,351,Gwen
Lord of Mysteries - Part 1: The Clown,-,Cuttlefish,2025,Light Novel,N,N/I,Paperback,Paperback,,571,Gwen
The Mirror Visitor 1: A Winter's Promise,Christelle,Dabos,2018,Fantasy,N,,Paperback,Paperback,,491,Gwen
House of Leaves,Mark Z.,Danielewski,2000,Horror,I,,Hardback,Hardback,,662,Gwen
The Great Cat Massacre,Robert ,Darnton,1984,History,N/I,,NF - History,Paperback,,,Dale
The Eye of Minds,James S.A.,Dashner,2013,Sci-Fi,N,,Hardback,Hardback,,308,Gwen
The Tales of Pell 1: Kill the Farm Boy,Delilah & Kevin Hearne,Dawson,2018,Fantasy,N,,Hardback,Hardback,,361,Gwen
Cocktail Codex,"Alex, Nick Fauchald & David Kaplan",Day,2018,Cooking,N/A,N/A,,,,,Dale
No Longer Human,Osamu,Dazai,1958,Fiction,Y,,Paperback,Paperback,,,Gwen
No Longer Human: A New Translation,Osamu,Dazai,2023,Fiction,Y,,Paperback,Paperback,,159,Gwen
No One Knows,Osamu,Dazai,2025,Short Stories,N,,Paperback,Paperback,,275,Gwen
Schoolgirl,Osamu,Dazai,2011,Fiction,Y,,Paperback,Paperback,,103,Gwen
Self-Portraits,Osamu,Dazai,2024,Short Stories,N,,Paperback,Paperback,,232,Gwen
The Beggar Student,Osamu,Dazai,2024,Fiction,N,,Paperback,Paperback,,73,Gwen
The Flowers of Buffoonery,Osamu,Dazai,2024,Fiction,Y,,Paperback,Paperback,,96,Gwen
The Real Osamu Dazai: A Life in Twenty Stories,Osamu,Dazai,2024,Short Stories,N,,Paperback,Paperback,,319,Gwen
The Setting Sun,Osamu,Dazai,1956,Fiction,Y,,Paperback,Paperback,,,Gwen
The Red Scholar's Wake,Aliette,De Bodard,2022,Sci-Fi,N,,Hardback,Hardback,Illumicrate,321,Gwen
The Book Eaters,Sunyi,Dean,2022,Fantasy,N,,Paperback,Paperback,,298,Gwen
The Girl with a Thousand Faces,Sunyi,Dean,2026,Fantasy,N,,Hardback,Hardback,Broken Binding,308,Gwen
Space Chronicles,Neil ,DeGrasse Tyson,2012,Sci-Fi,,Y,NF - Nature,Hardback,,,Dale
Starry Messenger: Cosmic Perspectives on Civilization,Neil ,deGrasse Tyson,2022,Science,,,NF - Nature,Hardback,,,Dale
The Essential Cocktail,Dale ,Degroff,2008,Cooking,N/A,N/A,,,,,Dale
The Dark Side of the Sky,Francesco,Dimitri,2024,Fiction,Y,,Paperback,Paperback,,359,Gwen
The Witch's Compendium of Monsters 1: Foul Days,Genoveva,Dimova,2024,Fantasy,N,,Hardback,Hardback,Owlcrate,358,Gwen
The Witch's Compendium of Monsters 2 Monstrous Nights,Genoveva,Dimova,2024,Fantasy,N,,Hardback,Hardback,Owlcrate,,Gwen
Dungeon Crawler Carl 1: Dungeon Crawler Carl,Matt,Dinniman,2020,Sci-Fi,Y,,Display,Hardback,,427,Gwen
Dungeon Crawler Carl 2: Carl's Doomsday Scenario,Matt,Dinniman,2021,Sci-Fi,Y,,Display,Hardback,,351,Gwen
Dungeon Crawler Carl 3: The Dungeon Anarchist's Cookbook,Matt,Dinniman,2021,Sci-Fi,Y,,Display,Hardback,,532,Gwen
Dungeon Crawler Carl 4: The Gate of the Feral Gods,Matt,Dinniman,2021,Sci-Fi,Y,,Display,Hardback,,589,Gwen
Dungeon Crawler Carl 5: The Butcher's Masquerade,Matt,Dinniman,2022,Sci-Fi,Y,,Display,Hardback,,707,Gwen
Dungeon Crawler Carl 6: The Eye of the Bedlam Bride,Matt,Dinniman,2023,Sci-Fi,N,,Display,Hardback,,812,Gwen
Dungeon Crawler Carl 7: This Inevitable Ruin,Matt,Dinniman,2025,Sci-Fi,N,,Display,Hardback,,859,Gwen
Operation Bounce House,Matt,Dinniman,2026,Sci-Fi,N,,Hardback,Hardback,Broken Binding,390,Gwen
Sins of the Divine 1: Veil us in Gold,Shepard,Distasio,2023,Fantasy,N,N/I,Hardback,Hardback,,503,Gwen
The Complete Sherlock Holmes 1,Arthur Conan,Doyle,2003,Mystery,Y,,Paperback,Paperback,,,Gwen
The Complete Sherlock Holmes 2,Arthur Conan,Doyle,2003,Mystery,Y,,Paperback,Paperback,,,Gwen
The City of Fantome 1: The Dagger and the Flame,Catherine,Doyle,2024,Romantasy,N,N/I,Hardback,Hardback,BotM,499,Gwen
Don't Let the Forest In,CG,Drews,2024,Horror,Y,,Hardback,Hardback,,327,Gwen
Hazelthorn,CG,Drews,2025,Horror,N,,Hardback,Hardback,,355,Gwen
You Did Nothing Wrong,CG,Drews,2026,Horror,N,,Hardback,Hardback,BotM,292,Gwen
The Game,Ken ,Dryden,1983,Sports,N/I,,NF - Sports,Paperback,,,Dale
Omnitopia 1: Omnitopia Dawn,Diane,Duane,2010,Sci-Fi,N,,Paperback,Paperback,,368,Gwen
Young Wizards 01: So You Want to be a Wizard,Diane,Duane,1983,Fantasy,Y,,Office,Paperback,,,Gwen
Young Wizards 02: Deep Wizardy,Diane,Duane,1985,Fantasy,Y,,Office,Paperback,,,Gwen
Young Wizards 03: High Wizardy,Diane,Duane,1990,Fantasy,Y,,Office,Paperback,,,Gwen
Young Wizards 04: A Wizard Abroad,Diane,Duane,1993,Fantasy,Y,,Office,Paperback,,,Gwen
Young Wizards 05: The Wizard's Dilemma,Diane,Duane,2001,Fantasy,Y,,Office,Paperback,,,Gwen
Young Wizards 06: A Wizard Alone,Diane,Duane,2002,Fantasy,Y,,Office,Hardback,,,Gwen
Young Wizards 07: A Wizard's Holiday,Diane,Duane,2003,Fantasy,Y,,Office,Hardback,,,Gwen
Young Wizards 08: Wizards at War,Diane,Duane,2005,Fantasy,Y,,Office,Hardback,,,Gwen
Young Wizards 09: A Wizard of Mars,Diane,Duane,2010,Fantasy,Y,,Office,Paperback,,,Gwen
Young Wizards 10: Games Wizards Play,Diane,Duane,2016,Fantasy,N,,Office,Hardback,,,Gwen
"Index, A History of the",Dennis,Duncan,2021,History,Y,N,NF - History,Paperback,,,Gwen
Hero of Two Worlds,Mike ,Duncan,2021,History,N/I,,NF - Bio,Hardback,,,Dale
The Storm Before the Storm,Mike ,Duncan,2017,History,N/I,,NF - History,Hardback,,,Dale
Bitterthorn,Kat,Dunn,2023,Fantasy,Y,,Hardback,Hardback,Illumicrate,368,Gwen
Until We Shatter,Kate,Dylan,2024,Fantasy,N,,Hardback,Hardback,Illumicrate,324,Gwen
The Band 1: Kings of the Wyld,Nicholas,Eames,2017,Fantasy,N,,Hardback,Hardback,Broken Binding,498,Gwen
The Band 2: Bloody Rose,Nicholas,Eames,2018,Fantasy,N,,Hardback,Hardback,Broken Binding,515,Gwen
The River Has Roots,Amal,El-Mohtar,2025,Fantasy,Y,,Hardback,Hardback,,129,Gwen
This is How You Lose the Time War,Amal & Max Gladstone,El-Mohtar,2019,Sci-Fi,DNF,Y,Hardback,Hardback,,198,Dale
Follow This Thread,Henry ,Eliot,2018,History,,,NF - Musings,Hardback,,,Dale
Hide N' Seek,Eden,Emory,2023,Romance,N,N/I,Hardback,Hardback,Rainbow Crate,269,Gwen
The Age of Blood 1: Mistress of Lies,K.M.,Enright,2024,Romantasy,N,N/I,Hardback,Hardback,Illumicrate,417,Gwen
The Malazan Book of the Fallen 1: Gardens of the Moon,Steven,Erikson,1999,Fantasy,Y,,Display,Hardback,Broken Binding,698,Gwen
The Malazan Book of the Fallen 2: Deadhouse Gates,Steven,Erikson,2000,Fantasy,Y,,Display,Hardback,Broken Binding,938,Gwen
The Malazan Book of the Fallen 3: Memories of Ice,Steven,Erikson,2001,Fantasy,N,,Display,Hardback,Broken Binding,1178,Gwen
The Malazan Book of the Fallen 4: House of Chains,Steven,Erikson,2002,Fantasy,N,,Display,Hardback,Broken Binding,,Gwen
The Malazan Book of the Fallen 5: Midnight Tides,Steven,Erikson,2004,Fantasy,N,,Display,Hardback,Broken Binding,,Gwen
The Malazan Book of the Fallen 6: The Bonehunters,Steven,Erikson,2006,Fantasy,N,,Display,Hardback,Broken Binding,,Gwen
U.S.S. Cerritos Crew Handbook,Chris ,Farnell,,Sci-Fi,Y,,NF - Other,Hardback,,,Gwen
To Cage a Wild Bird,Brooke,Fast,2025,Romantasy,N,N/I,Hardback,Hardback,Fairyloot,395,Gwen
The King of Infinite Space,Lyndsay,Faye,2021,Fantasy,N,,Hardback,Hardback,,369,Gwen
Legend of Exorcism 1,-,Fei Tian Ye Xiang,2025,Light Novel,N,,Paperback,Paperback,,,Gwen
The Riftwar Saga 1: Magician,Raymond E.,Feist,1982,Fantasy,N,,Hardback,Hardback,Broken Binding,845,Gwen
The Riftwar Saga 2: Silverthorn,Raymond E.,Feist,1985,Fantasy,N,,Hardback,Hardback,Broken Binding,388,Gwen
The Riftwar Saga 3: A Darkness at Sethanon,Raymond E.,Feist,1986,Fantasy,N,,Hardback,Hardback,Broken Binding,468,Gwen
It Devours!,Joseph & Jeffrey Cranor,Fink,2017,Horror,Y,,Hardback,Hardback,,347,Gwen
The Faceless Old Woman Who Secretly Lives in Your Home,Joseph & Jeffrey Cranor,Fink,2020,Horror,Y,,Hardback,Hardback,,365,Gwen
Welcome to Nightvale,Joseph & Jeffrey Cranor,Fink,2015,Horror,Y,,Hardback,Hardback,,401,Gwen
Flour Water Salt Yeast,Ken ,Forkish,2012,Cooking,N/A,N/A,,,,,Dale
SQL in 10 Minutes,Ben ,Forta,2020,Programming,N/I,,,,,,Dale
Silver Elite,Dani,Francis,2025,Romantasy,N,N/I,Hardback,Hardback,BotM,512,Gwen
Life Hacks for a Little Alien,Alice,Franklin,2025,Fiction,N,,Paperback,Paperback,,295,Gwen
Bloodborne Offical Artworks,-,From Software,2016,Art,N/A,N/A,,Paperback,,,Gwen
Bloodborne Collector's Edition Guide,-,FuturePress,2015,Guidebook,N/A,N/A,,Hardback,,,Gwen
Bloodborne: The Old Hunters Collector's Edition Guide,-,FuturePress,2015,Guidebook,N/A,N/A,,Hardback,,,Gwen
Dark Souls II Collector's Edition Guide,-,FuturePress,2014,Guidebook,N/A,N/A,,Hardback,,,Gwen
Dark Souls: The Official Guide,-,FuturePress,2011,Guidebook,N/A,N/A,,Hardback,,,Gwen
Dark Souls' Trilogy Compendium,-,FuturePress,2019,Guidebook,N/A,N/A,,Hardback,,,Gwen
Horizon Forbidden West Collector's Edition Guide,-,FuturePress,2022,Guidebook,N/A,N/A,,Hardback,,,Gwen
Horizon Zero Dawn Collector's Edition Guide,-,FuturePress,2017,Guidebook,N/A,N/A,,Hardback,,,Gwen
Sekiro Shadows Die Twice: A FuturePress Game Guide,-,FuturePress,2019,Guidebook,N/A,N/A,,Hardback,,,Gwen
American Gods,Neil,Gaiman,2011,Fantasy,Y,,Bad Author,Paperback,,,Gwen
Anansi Boys,Neil,Gaiman,2005,Fantasy,Y,,Bad Author,Paperback,,,Gwen
Neverwhere,Neil,Gaiman,1996,Fantasy,N,,Bad Author,Paperback,,370,Gwen
Sandman Deluxe Edition 1,Neil,Gaiman,2020,Graphic Novel,Y,,,Hardback,,,Gwen
Sandman Deluxe Edition 2,Neil,Gaiman,2021,Graphic Novel,N,,,Hardback,,,Gwen
Sandman Deluxe Edition 3,Neil,Gaiman,2021,Graphic Novel,N,,,Hardback,,,Gwen
Sandman Deluxe Edition 4,Neil,Gaiman,2021,Graphic Novel,N,,,Hardback,,,Gwen
Sandman Deluxe Edition 5,Neil,Gaiman,2022,Graphic Novel,N,,,Hardback,,,Gwen
Stardust,Neil,Gaiman,1999,Fantasy,N,,Bad Author,Paperback,,248,Gwen
The Graveyard Book,Neil,Gaiman,2008,Fantasy,Y,,Bad Author,Paperback,,,Gwen
The Ocean at the End of the Lane,Neil,Gaiman,2013,Fantasy,N,,Bad Author,Paperback,,195,Gwen
Trigger Warning,Neil,Gaiman,2015,Fantasy,N,,Bad Author,Paperback,,310,Gwen
American Gods,Neil ,Gaiman,2001,Fantasy,Y,,Bad Author,Paperback,,,Dale
A Market of Dreams and Destiny,Trip,Galey,2023,Fantasy,Y,,Paperback,Paperback,,,Gwen
Alchemy of Secrets,Stephanie,Garber,2025,Romantasy,N,N/I,Hardback,Hardback,Fairyloot,334,Gwen
Caraval 1: Caraval,Stephanie,Garber,2017,Fantasy,Y,,Hardback,Paperback,Fairyloot,,Gwen
Caraval 2: Legendary,Stephanie,Garber,2018,Fantasy,Y,,Hardback,Paperback,Fairyloot,451,Gwen
Caraval 3: Finale,Stephanie,Garber,2019,Fantasy,Y,,Hardback,Paperback,Fairyloot,,Gwen
Caravel 4: Spectacular,Stephanie,Garber,2024,Fantasy,Y,,Hardback,Hardback,Fairyloot,203,Gwen
Once Upon a Broken Heart 1: Once Upon a Broken Heart,Stephanie,Garber,2021,Fantasy,Y,,Hardback,Hardback,,403,Gwen
Once Upon a Broken Heart 2: The Ballad of Never After,Stephanie,Garber,2022,Fantasy,Y,,Hardback,Hardback,,400,Gwen
Once Upon a Broken Heart 3: A Curse for True Love,Stephanie,Garber,2023,Fantasy,Y,,Hardback,Hardback,,397,Gwen
My Side of the Mountain,Jean Craighead,George,1959,Fiction,Y,,Paperback,Paperback,,,Gwen
A Dowry of Blood,S.T.,Gibson,2021,Horror,N,,Hardback,Hardback,Bookish,263,Gwen
Savage Blooms,S.T.,Gibson,2025,Romantasy,N,N/I,Hardback,Hardback,Fairyloot,468,Gwen
The Summoner's Circle 0.5: Odd Spirits,S.T.,Gibson,2024,Romantasy,N,N/I,Hardback,Hardback,,115,Gwen
The Summoner's Circle 1: Evocation,S.T.,Gibson,2024,Fantasy,N,,Hardback,Hardback,Fairyloot,320,Gwen
Neuromancer,William ,Gibson,1984,Sci-Fi,Y,Y,Paperback,Paperback,,,Gwen
The Shepherd King 1: One Dark Window,Rachel,Gillig,2022,Fantasy,Y,,Hardback,Hardback,Fairyloot,392,Gwen
The Shepherd King 2: Two Twisted Crowns,Rachel,Gillig,2023,Fantasy,Y,,Hardback,Hardback,Fairyloot,430,Gwen
Immortal Dark 1: Immortal Dark,Tigest,Girma,2024,Romantasy,Y,N/I,Hardback,Hardback,Owlcrate,416,Gwen
GISHWHES: Amazing Art & Abnosome Acts,-,GISHWHES,2013,Art,Y,,NF - Other,Hardback,,,Gwen
The Last Phi Hunter,Salinee,Goldenberg,2024,Fantasy,N,,Paperback,Paperback,,384,Gwen
The Princess Bride,William,Goldman,1973,Fantasy,N,,Paperback,Paperback,,,Dale
The Self-Aware Universe,Ami,Goswami,1995,Philosophy,I,,NF - Musings,Paperback,,,Gwen
"Debt: The First 5,000 Years",David,Graeber,2011,History,N,,NF - History,Paperback,,542,Gwen
The Husbands,Holly,Gramazio,2024,Fiction,Y,,Hardback,Hardback,,342,Gwen
Overgrowth,Mira,Grant,2025,Sci-Fi,N,,Hardback,Hardback,Evernight,481,Gwen
Of Tides and Snow,Darva,Green,2023,Romantasy,N,N/I,Hardback,Hardback,Rainbow Crate,318,Gwen
Annie Bot,Sierra,Greer,2024,Sci-Fi,Y,,Hardback,Hardback,,231,Gwen
A History of Byzantium,Timothy ,Gregory,2005,History,N/I,,NF - History,Paperback,,,Dale
The Bloodsworn 1: The Shadow of the Gods,John,Gwynne,2021,Fantasy,N,,Hardback,Hardback,,,Gwen
The Bloodsworn 2: The Hunger of the Gods,John,Gwynne,2022,Fantasy,N,,Hardback,Hardback,,,Gwen
The Bloodsworn 3: The Fury of the Gods,John,Gwynne,2024,Fantasy,N,,Hardback,Hardback,,,Gwen
Far From Neverland,River,Hale,2023,Romantasy,N,N/I,Hardback,Hardback,Rainbow Crate,299,Gwen
Starwolf,Edmon,Hamilton,1982,Sci-Fi,Y,,Paperback,Paperback,,,Gwen
The Stars Too Fondly,Emily,Hamilton,2024,Sci-Fi,N,,Hardback,Hardback,Fairyloot,317,Gwen
Exodus: The Archimedes Engine,Peter,Hamilton,2024,Sci-Fi,,,Hardback,Hardback,,893,Dale
The Reality Dysfunction,Peter F.,Hamilton,1996,Sci-Fi,,,Paperback,Paperback,,,Dale
Judas Unchained,Peter F. ,Hamilton,2006,Sci-Fi,,,Paperback,Paperback,,,Dale
Pandora's Star,Peter F. ,Hamilton,2004,Sci-Fi,,,Paperback,Paperback,,,Dale
The Heart of the Buddha's Teaching,Thich Nhat,Hanh,1999,Philosophy,I,,NF - Musings,Paperback,,,Gwen
All Souls 1: A Discovery of Witches,Deborah,Harkness,2011,Fantasy,N,,Paperback,Paperback,,579,Gwen
All Souls 2: Shadow of Night,Deborah,Harkness,2012,Fantasy,N,,Paperback,Paperback,,,Gwen
All Souls 3: The Book of Life,Deborah,Harkness,2014,Fantasy,N,,Paperback,Paperback,,,Gwen
All Souls 4: Time's Convert,Deborah,Harkness,2019,Fantasy,N,,Paperback,Paperback,,,Gwen
Console Wars,Blake J,Harris,2014,History,N/I,,NF - History,Paperback,,,Dale
Fatherland,Robert ,Harris,1992,Mystery,N/I,,Paperback,Paperback,,,Dale
The Scorched Throne 1: The Jasad Heir,Sara,Hashem,2023,Fantasy,N,,Paperback,Paperback,,480,Gwen
Blood and Whispers: A Soldier of the Arcanum,A.C.,Haskins,2021,Fantasy,N,,Paperback,Paperback,,320,Gwen
The Unauthorized X-Files Challenge,"James & George ""Doc"" Burt",Hatfield,1996,Guidebook,Y,,,Paperback,,,Gwen
The Library at Mount Char,Scott,Hawkins,2015,Fantasy,N,,Paperback,Paperback,,388,Gwen
Bride,Ali,Hazelwood,2024,Romantasy,N,N/I,Hardback,Hardback,Probably Smut,399,Gwen
Deep End,Ali,Hazelwood,2025,Romance,Y,N/I,Hardback,Hardback,,443,Gwen
Mate,Ali,Hazelwood,2025,Romantasy,N,N/I,Hardback,Hardback,Probably Smut,448,Gwen
Japanese Fairy World,Lafcadio,Hearn,-,Short Stories,N,,Paperback,Paperback,,175,Gwen
Ink & Sigil 1: Ink & Sigil,Kevin,Hearne,2020,Fantasy,N,,Paperback,Paperback,,336,Gwen
Ink & Sigil 2: Paper & Blood,Kevin,Hearne,2021,Fantasy,N,,Paperback,Paperback,,,Gwen
Ink & Sigil 3: Candle & Crow,Kevin,Hearne,2024,Fantasy,N,,Paperback,Paperback,,322,Gwen
The Iron Druid Chronicles 01: Hounded,Kevin,Hearne,2011,Fantasy,Y,,Paperback,Paperback,,,Gwen
The Iron Druid Chronicles 02: Hexed,Kevin,Hearne,2011,Fantasy,Y,,Paperback,Paperback,,,Gwen
The Iron Druid Chronicles 03: Hammered,Kevin,Hearne,2011,Fantasy,Y,,Paperback,Paperback,,,Gwen
The Iron Druid Chronicles 04: Tricked,Kevin,Hearne,2012,Fantasy,N,,Paperback,Paperback,,341,Gwen
The Iron Druid Chronicles 05: Trapped,Kevin,Hearne,2012,Fantasy,N,,Paperback,Paperback,,,Gwen
The Iron Druid Chronicles 06: Hunted,Kevin,Hearne,2013,Fantasy,N,,Paperback,Paperback,,,Gwen
The Iron Druid Chronicles 07: Shattered,Kevin,Hearne,2014,Fantasy,N,,Paperback,Paperback,,,Gwen
The Iron Druid Chronicles 08: Staked,Kevin,Hearne,2016,Fantasy,N,,Paperback,Paperback,,,Gwen
The Iron Druid Chronicles 09: Besieged,Kevin,Hearne,2017,Fantasy,N,,Paperback,Paperback,,,Gwen
The Iron Druid Chronicles 10: Scourged,Kevin,Hearne,2018,Fantasy,N,,Paperback,Paperback,,,Gwen
Starship Troopers,Robert ,Heinlein,1959,Sci-Fi,,Y,Paperback,Paperback,,,Dale
Stranger In a Strange Land,Robert ,Heinlein,1961,Sci-Fi,,,Hardback,Hardback,,491,Dale
The Dwarves 1: The Dwarves,Markus,Heitz,2009,Fantasy,N,,Paperback,Paperback,,,
Beasts of the Briar 1: Bonded by Thorns,Elizabeth,Helen,2025,Romantasy,N,N/I,Hardback,Hardback,Bookish,,Gwen
House of Hunger,Alexis,Henderson,2022,Horror,N,,Paperback,Paperback,,290,Gwen
Horrorstor,Grady,Hendrix,2014,Horror,N,,Paperback,Paperback,,243,Gwen
How to Sell a Haunted House,Grady,Hendrix,2023,Horror,Y,,Hardback,Hardback,,398,Gwen
My Best Friend's Exorcism,Grady,Hendrix,2016,Horror,Y,,Paperback,Paperback,,332,Gwen
The Final Girl Support Group,Grady,Hendrix,2021,Horror,N,,Paperback,Paperback,,339,Gwen
The Southern Book Club's Guide to Slaying Vampires,Grady,Hendrix,2020,Horror,N,,Paperback,Paperback,,404,Gwen
Witchcraft for Wayward Girls,Grady,Hendrix,2024,Horror,Y,,Hardback,Hardback,,477,Gwen
Dune: The Graphic Novel Book 1,"Anderson, Allen, Martin",Herbert,,Graphic Novel,N/I,,Comics,Hardback,,,Dale
Dune: The Graphic Novel Book 2: Muad-dib,"Anderson, Allen, Martin",Herbert,,Graphic Novel,N/I,,Comics,Hardback,,,Dale
Dune: The Graphic Novel Book 3: The Prophet,"Anderson, Allen, Martin",Herbert,,Graphic Novel,N/I,,Comics,Hardback,,,Dale
Chapterhouse Dune,Frank ,Herbert,1985,Sci-Fi,,,Paperback,Paperback,,,Dale
Children of Dune,Frank ,Herbert,1976,Sci-Fi,,,Paperback,Paperback,,,Dale
Dune,Frank ,Herbert,1965,Sci-Fi,Y,Y,,,,,Dale
Dune Messiah,Frank ,Herbert,1969,Sci-Fi,,,Paperback,Paperback,,,Dale
God Emperor of Dune,Frank ,Herbert,1981,Sci-Fi,,,Paperback,Paperback,,,Dale
Heretics of Dune,Frank ,Herbert,1984,Sci-Fi,,,Paperback,Paperback,,,Dale
Night Sky of North America,Catherine,Herbert Howell,2017,Reference,,,,Paperback,,,Dale
Oracle of Seasons/Ages,Akira ,Himekawa,2016,Graphic Novel,,,,,,,Dale
Chainsaw Man: Buddy Stories,Sakaku,Hishikawa,2023,Light Novel,Y,N/I,Paperback,Paperback,,,Gwen
The First and Last Demon,-,Hiyodori,2023,Romantasy,N,N/I,Hardback,Hardback,Rainbow Crate,366,Gwen
On Silver Shores,V.T.,Hoang,2024,Romance,N,N/I,Hardback,Hardback,Rainbow Crate,304,Gwen
The Farseer Trilogy 1: Assassin's Apprentice,Robin,Hobb,1995,Fantasy,Y,,Hardback,Hardback,Illumicrate,,Gwen
The Farseer Trilogy 2: Royal Assassin,Robin,Hobb,1996,Fantasy,N,,Hardback,Hardback,Illumicrate,648,Gwen
The Farseer Trilogy 3: Assassin's Quest,Robin,Hobb,1997,Fantasy,N,,Hardback,Hardback,Illumicrate,838,Gwen
Eternal Path Trilogy 1: The Raven Scholar,Antonia,Hodgson,2025,Fantasy,N,,Hardback,Hardback,Illumicrate,646,Gwen
The God of Endings,Jacqueline,Holland,2023,Fantasy,N,,Paperback,Paperback,,480,Gwen
Rubicon: The Last Years of the Roman Republic,Tom ,Holland,2003,History,N/I,,NF - History,Paperback,,,Dale
Bake ,Paul ,Hollywood,2022,Cooking,N/A,N/A,,,,,Dale
Murder Your Employer: The McMasters Guide to Homicide,Rupert,Holmes,2023,Fiction,N,,Paperback,Paperback,,389,Gwen
Empire of the Sum,Keith,Houston,2023,History,Y,,NF - History,Hardback,,,Gwen
Shady Characters,Keith,Houston,2013,History,N,,NF - History,Paperback,,,Gwen
The Book,Keith,Houston,2016,History,N,,NF - History,Hardback,,,Gwen
The Silo Saga 1: Wool,Hugh,Howey,2012,Sci-Fi,Y,Y,Hardback,Hardback,Broken Binding,,Gwen
The Silo Saga 2: Shift,Hugh,Howey,2013,Sci-Fi,Y,Y,Hardback,Hardback,Broken Binding,,Dale
Edinburgh Nights 1: The Library of the Dead,T.L.,Huchu,2021,Fantasy,N,,Paperback,Paperback,,330,Gwen
Edinburgh Nights 2: Our Lady of Mysterious Ailments,T.L.,Huchu,2022,Fantasy,N,,Paperback,Paperback,,,Gwen
Warriors Dawn of the Clans 1: The Sun Trail,Erin,Hunter,2013,Children's,N,,,Paperback Set,,,Gwen
Warriors Dawn of the Clans 2: Thunder Rising,Erin,Hunter,2013,Children's,N,,,Paperback Set,,,Gwen
Warriors Dawn of the Clans 3: The First Battle,Erin,Hunter,2014,Children's,N,,,Paperback Set,,,Gwen
Warriors Dawn of the Clans 4: The Blazing Star,Erin,Hunter,2014,Children's,N,,,Paperback Set,,,Gwen
Warriors Dawn of the Clans 5: A Forest Divided,Erin,Hunter,2015,Children's,N,,,Paperback Set,,,Gwen
Warriors Dawn of the Clans 6: Path of Stars,Erin,Hunter,2015,Children's,N,,,Paperback Set,,,Gwen
Warriors The New Prophecy 1: Midnight,Erin,Hunter,2005,Children's,Y,,,Paperback Set,,,Gwen
Warriors The New Prophecy 2: Moonrise,Erin,Hunter,2005,Children's,Y,,,Paperback Set,,,Gwen
Warriors The New Prophecy 3: Dawn,Erin,Hunter,2006,Children's,Y,,,Paperback Set,,,Gwen
Warriors The New Prophecy 4: Starlight,Erin,Hunter,2006,Children's,Y,,,Paperback Set,,,Gwen
Warriors The New Prophecy 5: Twilight,Erin,Hunter,2006,Children's,Y,,,Paperback Set,,,Gwen
Warriors The New Prophecy 6: Sunset,Erin,Hunter,2007,Children's,Y,,,Paperback Set,,,Gwen
Warriors The Prophecies Begin 1: Into the Wild,Erin,Hunter,2003,Children's,Y,,,Paperback Set,,288,Gwen
Warriors The Prophecies Begin 2: Fire and Ice,Erin,Hunter,2003,Children's,Y,,,Paperback Set,,,Gwen
Warriors The Prophecies Begin 3: Forest of Secrets,Erin,Hunter,2003,Children's,Y,,,Paperback Set,,,Gwen
Warriors The Prophesies Begin 4: Rising Storm,Erin,Hunter,2004,Children's,Y,,,Paperback Set,,,Gwen
Warriors The Prophesies Begin 5: A Dangerous Path,Erin,Hunter,2004,Children's,Y,,,Paperback Set,,,Gwen
Warriors The Prophesies Begin 6: The Darkest Hour,Erin,Hunter,2004,Children's,Y,,,Paperback Set,,,Gwen
The Apothecary Diaries 1,Natsu,Hyuuga,2023,Light Novel,Y,N/I,Paperback,Paperback,,,Gwen
The Apothecary Diaries 2,Natsu,Hyuuga,2024,Light Novel,Y,N/I,Paperback,Paperback,,,Gwen
The Apothecary Diaries 3,Natsu,Hyuuga,2021,Light Novel,Y,N/I,Paperback,Paperback,,344,Gwen
The Apothecary Diaries 4,Natsu,Hyuuga,2022,Light Novel,Y,N/I,Paperback,Paperback,,328,Gwen
The Apothecary Diaries 5,Natsu,Hyuuga,2022,Light Novel,Y,N/I,Paperback,Paperback,,323,Gwen
A Pale View of Hills,Kazuo,Ishiguro,1982,Fiction,N,,Paperback,Paperback,,183,Gwen
Klara and the Sun,Kazuo,Ishiguro,2021,Sci-Fi,N,,Paperback,Paperback,,303,Gwen
Never Let Me Go,Kazuo,Ishiguro,2005,Fiction,Y,,Paperback,Paperback,,288,Gwen
The Buried Giant,Kazuo,Ishiguro,2015,Fantasy,N,,Paperback,Paperback,,317,Gwen
The Remains of the Day,Kazuo,Ishiguro,1989,Fiction,N,,Paperback,Paperback,,245,Gwen
クララとお日さま,Kazuo,Ishiguro,2021,Sci-Fi,I,N/I,JP Novel,Paperback,,490,Gwen
わたしを離さないで,Kazuo,Ishiguro,2005,Fiction,Y,N/I,JP Novel,Paperback,,450,Gwen
The Legend of Zelda: Link to the Past,Shotaro ,Ishinomori,1993,Graphic Novel,N/I,Y,Comics,Paperback,,,Dale
Hierarchy 1: The Will of the Many,James,Islington,2023,Fantasy,Y,,Hardback,Hardback,Broken Binding,,Gwen
The Hierarchy 2: The Strength of the Few,James,Islington,2025,Fantasy,N,,Hardback,Hardback,,,Gwen
The Licanius Trilogy 1: The Shadow of What Was Lost,James,Islington,2015,Fantasy,N,,Paperback,Paperback,,602,Gwen
The Licanius Trilogy 2: An Echo of Things to Come,James,Islington,2017,Fantasy,N,,Paperback,Paperback,,716,Gwen
The Licanius Trilogy 3: The Light of All That Falls,James,Islington,2019,Fantasy,N,,Paperback,Paperback,,814,Gwen
Fault Lines,Emily,Itami,2021,Fiction,N,,Hardback,Hardback,BotM,224,Gwen
Redwall 1: Redwall,Brian,Jacques,1986,Fantasy,Y,,Paperback,Paperback,,352,Gwen
The Broken Earth 1: The Fifth Season,N.K.,Jemisin,2015,Fantasy,N,,,Boxset,,449,Gwen
The Broken Earth 2: The Obelisk Gate,N.K.,Jemisin,2016,Fantasy,N,,,Boxset,,391,Gwen
The Broken Earth 3: The Stone Sky,N.K.,Jemisin,2017,Fantasy,N,,,Boxset,,398,Gwen
The Inheritance Trilogy 1: The Hundred Thousand Kingdoms,N.K.,Jemisin,2010,Fantasy,N,,,Paperback,,398,Gwen
The Order of Legends 1: The Principle of Moments,Esmie,Jikiemi-Pearson,2023,Sci-Fi,N,,Hardback,Hardback,Illumicrate,432,Gwen
The Spear Cuts Through Water,Simon,Jimenez,2022,Fantasy,Y,,Paperback,Paperback,,518,Gwen
The Vanished Birds,Simon,Jimenez,2020,Sci-Fi,N,,Hardback,Hardback,Broken Binding,,Gwen
Reign of Remnants 1: The Wind Weaver,Julie,Johnson,2025,Romantasy,N,N/I,Hardback,Hardback,Fairyloot,524,Gwen
The Space Between Worlds,Micaiah,Johnson,2020,Sci-Fi,N,,Paperback,Paperback,,336,Gwen
The Buffalo Hunter Hunter,Stephen Graham,Jones,2025,Horror,Y,,Hardback,Hardback,,435,Gwen
The Wheel of Time 1: The Eye of the World,Robert,Jordan,1990,Fantasy,Y,,Paperback,Paperback,,744,Gwen
The Wheel of Time 2: The Great Hunt,Robert,Jordan,1990,Fantasy,Y,,Paperback,Paperback,,633,Gwen
The Wheel of Time 3: The Dragon Reborn,Robert,Jordan,1991,Fantasy,N,,Paperback,Paperback,,586,Gwen
The Wheel of Time 4: The Shadow Rising,Robert,Jordan,1992,Fantasy,N,,Paperback,Paperback,,917,Gwen
The Lion Women of Tehran,Marjan,Kamali,2024,Fiction,Y,,Paperback,Paperback,,327,Gwen
The Musician and the Monster,Jenya,Keef,2025,Romantasy,N,N/I,Hardback,Hardback,Rainbow Crate,287,Gwen
Defy the Night 1: Defy the Night,Brigid,Kemmerer,2021,Fantasy,N,,Hardback,Hardback,Fairyloot,443,Gwen
Defy the Night 2: Defend the Dawn,Brigid,Kemmerer,2022,Fantasy,N,,Hardback,Hardback,Fairyloot,429,Gwen
Defy the Night 3: Destroy the Day,Brigid,Kemmerer,2024,Fantasy,N,,Hardback,Hardback,Fairyloot,544,Gwen
Warrior Princess Assassin,Brigid,Kemmerer,2025,Romantasy,N,N/I,Hardback,Hardback,Fairyloot,388,Gwen
The Library at Hellebore,Cassandra,Khaw,2025,Horror,N,,Hardback,Hardback,Evernight,286,Gwen
Things in Jars,Jess,Kidd,2019,Mystery,N,,Hardback,Hardback,,369,Gwen
Hayne's Honda Civic & CR-V Repair Manual,Jeff & John Haynes,Killingsworth ,2016,Auto Repair,N/A,N/A,,,,,Dale
Molka,Monika,Kim,2026,Horror,N,,Hardback,Hardback,BotM,278,Gwen
Under the Oak Tree 1,Suji,Kim,2022,Romantasy,Y,N/I,Hardback,Hardback,,471,Gwen
A Rather Vengeful Accord,Danielle,Knight,2025,Romantasy,N,N/I,Hardback,Hardback,Illumicrate,,Gwen
Courts & Kings 1: Court of Nightmares,K.A.,Knight,2024,Romantasy,N,N/I,Hardback,Hardback,Bookish,517,Gwen
Dearly Betrothed 1: The Irresistible Urge to Fall For Your Enemy,Brigitte,Knightley,2025,Romantasy,Y,N/I,Hardback,Hardback,Illumicrate,395,Gwen
Fall of Wizardoms 1,Jeffrey L.,Kohanek,2025,Fantasy,N,,,Hardback,,,Gwen
Fall of Wizardoms 2,Jeffrey L.,Kohanek,2025,Fantasy,N,,,Hardback,,,Gwen
Fate of Wizardoms 1,Jeffrey L.,Kohanek,2024,Fantasy,N,,,Hardback,,840,Gwen
Fate of Wizardoms 2,Jeffrey L.,Kohanek,2024,Fantasy,N,,,Hardback,,860,Gwen
Bloodborne: The Graphic Novel Collection,& Kowalski & Simpson,Kot,2022,Graphic Novel,N,,Comics,Boxset,,,Gwen
You Can Have My Back 1,Minami,Kotsuna,2023,Light Novel,Y,N/I,Paperback,Paperback,,,Gwen
You Can Have My Back 2,Minami,Kotsuna,2023,Light Novel,N,N/I,Paperback,Paperback,,464,Gwen
Arcana Academy 1: Arcana Academy,Elise,Kova,2025,Romantasy,N,N/I,Hardback,Hardback,Fairyloot,544,Gwen
Penitence,Kristin,Koval,2025,Fiction,Y,,Hardback,Hardback,BotM,312,Gwen
Indian (-ish),Priya ,Krishna,2019,Cooking,N/A,N/A,,Hardback,,,Dale
Empire of the Vampire 1: Empire of the Vampire,Jay,Kristoff,2021,Fantasy,Y,,Hardback,Hardback,Illumicrate,719,Gwen
Empire of the Vampire 2: Empire of the Damned,Jay,Kristoff,2024,Fantasy,N,,Hardback,Hardback,Illumicrate,646,Gwen
Empire of the Vampire 3: Empire of the Dawn,Jay,Kristoff,2025,Fantasy,N,,Hardback,Hardback,Illumicrate,,Gwen
The Nevernight Chronicle 1: Nevernight,Jay,Kristoff,2016,Fantasy,N,,Paperback,Paperback,,429,Gwen
Katabasis,R.F.,Kuang,2025,Fantasy,Y,,Hardback,Hardback,Fairyloot,541,Gwen
At the End of the River Styx,Michelle,Kulwicki,2024,Romantasy,N,N/I,Hardback,Hardback,Owlcrate,376,Gwen
Gate to Kagoshima,Poppy,Kuroki,2025,Romantasy,N,N/I,Paperback,Paperback,,290,Gwen
Pokemon Adventures 1,Hidenori ,Kusaka,1997,Graphic Novel,N/I,Y,,,,,Dale
Owlflight,Mercedes & Larry Dixon,Lackey,1997,Fantasy,Y,,Hardback,Hardback,,293,Gwen
The Dream Hotel,Laila,Lalami,2025,Sci-Fi,N,,Hardback,Hardback,,322,Gwen
The Half King 1: The Half King,Melissa,Landers,2024,Romantasy,N,N/I,Hardback,Hardback,,381,Gwen
Birds of Paradise,Oliver K.,Langmead,2021,Fantasy,N,,Paperback,Paperback,,298,Gwen
The Complete Far Side,Gary,Larson,,Graphic Novel,N/I,,Comics,Paperback,,,Dale
Aftertaste,Daria,Lavelle,2025,Fantasy,N,,Hardback,Hardback,BotM,384,Gwen
The Conquest of the Ocean,Brian,Lavery,2013,History,N/I,,NF - History,Hardback,,,Dale
The Last Bloodcarver 1: The Last Bloodcarver,Vanessa,Le,2024,Romantasy,N,N/I,Hardback,Hardback,Owlcrate,384,Gwen
The Last Bloodcarver 2: His Mortal Demise,Vanessa,Le,2025,Romantasy,N,N/I,Hardback,Hardback,Owlcrate,389,Gwen
Napoleon's Buttons,Penny & Jay Burreson,Le Couteur,2003,Science,N/I,,NF - Nature,Paperback,,,Dale
The Left Hand of Darkness,Ursula K ,Le Guin,1969,Sci-Fi,,Y,Paperback,Paperback,,,Dale
The Left Hand of Darkness,Ursula K.,Le Guin,1969,Sci-Fi,N,N,Hardback,Hardback,Broken Binding,300,Gwen
Chernobyl 01:23:40,Andrew ,Leatherbarrow,2016,History,N/I,,NF - History,Paperback,,,Dale
Ancillary Justice,Ann,Leckie,2013,Sci-Fi,,,Paperback,Paperback,,,Dale
The Dallergut Dream Department Store,Miye,Lee,2023,Fantasy,Y,,Hardback,Hardback,Litjoy,284,Gwen
The Dallergut Dream-Making District,Miye,Lee,2025,Fantasy,N,,Hardback,Hardback,Litjoy,295,Gwen
Shadowed Obession,Evelyn,Leigh,2025,Romance,N,N/I,Paperback,Paperback,,332,Gwen
Solaris,Stanislaw ,Lem,1961,Sci-Fi,,,Paperback,Paperback,,,Dale
The Teller of Small Fortunes,Julie,Leong,2024,Fantasy,N,,Hardback,Hardback,Owlcrate,322,Gwen
The Rig,Roger,Levy,2018,Sci-Fi,N,,Paperback,Paperback,,615,Gwen
Chronicles of Narnia 1: The Magician's Nephew,C.S.,Lewis,1955,Fantasy,Y,,,Boxset,,,Gwen
"Chronicles of Narnia 2: The Lion, the Witch, and the Wardrobe",C.S.,Lewis,1950,Fantasy,Y,,,Boxset,,,Gwen
Chronicles of Narnia 3: The Horse and His Boy,C.S.,Lewis,1954,Fantasy,Y,,,Boxset,,,Gwen
Chronicles of Narnia 4: Prince Caspian,C.S.,Lewis,1951,Fantasy,Y,,,Boxset,,,Gwen
Chronicles of Narnia 5: The Voyager of the Dawn Treader,C.S.,Lewis,1952,Fantasy,Y,,,Boxset,,,Gwen
Chronicles of Narnia 6: The Silver Chair,C.S.,Lewis,1953,Fantasy,Y,,,Boxset,,,Gwen
Chronicles of Narnia 7: The Last Battle,C.S.,Lewis,1956,Fantasy,Y,,,Boxset,,,Gwen
The Living Art of Bonsai,Amy ,Liang,2005,Gardening,N/A,N/A,NF - Nature,Paperback,,,Dale
A Song to Drown Rivers,Ann,Liang,2024,Fiction,Y,N/I,Hardback,Hardback,BotM,321,Gwen
The Wanderlands 1: The Failures,Benjamin,Liar,2024,Fantasy,N,,Hardback,Hardback,,527,Gwen
The Robin on the Oak Throne,K.A.,Linde,2025,Romantasy,N,N/I,Hardback,Hardback,Fairyloot,465,Gwen
The Wren in the Holly Library,K.A.,Linde,2024,Romantasy,N,N/I,Hardback,Hardback,Fairyloot,381,Gwen
The Three Body Problem 1: The Three Body Problem,Cixin,Liu,2006,Sci-Fi,Y,Y,Hardback,Hardback,Broken Binding,434,Gwen
The Three Body Problem 2: The Dark Forest,Cixin,Liu,2008,Sci-Fi,Y,Y,Hardback,Hardback,Broken Binding,550,Gwen
The Three Body Problem 3: Death's End,Cixin,Liu,2010,Sci-Fi,Y,Y,Hardback,Hardback,Broken Binding,721,Gwen
Death's End,Cixin ,Liu,2010,Sci-Fi,Y,Y,,,,,Dale
The Dark Forest,Cixin ,Liu,2008,Sci-Fi,Y,Y,,,,,Dale
The Three-Body Problem,Cixin ,Liu,2006,Sci-Fi,Y,Y,,,,,Dale
All That See or Seem,Ken,Liu,2025,Sci-Fi,N,,Hardback,Hardback,Broken Binding,404,Gwen
The Dandelion Dynasty 1: Grace of Kings,Ken,Liu,2015,Fantasy,N,,Hardback,Hardback,Broken Binding,618,Gwen
The Dandelion Dynasty 2: The Wall of Storms,Ken,Liu,2016,Fantasy,N,,Hardback,Hardback,Broken Binding,852,Gwen
The Dandelion Dynasty 3: The Veiled Throne,Ken,Liu,2021,Fantasy,N,,Hardback,Hardback,Broken Binding,982,Gwen
The Dandelion Dynasty 4: Speaking Bones,Ken,Liu,2022,Fantasy,N,,Hardback,Hardback,Broken Binding,1045,Gwen
The Last Legacy 1: The Silverblood Promise,James,Logan,2024,Fantasy,N,,Paperback,Paperback,,528,Gwen
New York City Brick by Brick,Jonathan,Lopes,,,Y,Y,NF - Other,Hardback,,,
The Food Lab,J. Kenji ,Lopez-Alt,2015,Cooking,N/A,N/A,,,,,Dale
The Complete Fiction of H.P. Lovecraft,H.P. ,Lovecraft,2014,Horror,,,Hardback,Hardback,,1102,Dale
Red City,Marie,Lu,2025,Fantasy,N,N,Hardback,Hardback,BotM,418,Gwen
Gentleman Bastard 1: The Lies of Locke Lamora,Scott,Lynch,2006,Fantasy,Y,,Paperback,Paperback,,618,Gwen
Gentleman Bastard 2: Red Seas Under Red Skies,Scott,Lynch,2007,Fantasy,N,,Paperback,Paperback,,558,Gwen
Gentleman Bastard 3: The Republic of Thieves,Scott,Lynch,2013,Fantasy,N,,Paperback,Paperback,,650,Gwen
Green and Deadly Things,Jenn,Lyons,2026,Fantasy,N,,Hardback,Hardback,Broken Binding,354,Gwen
"Death Note: L, Change the World Novel",-,M,2009,Light Novel,N,N/I,Hardback,Hardback,,188,Gwen
In the Dream House,Carmen Maria,Machado,2019,Memoir,Y,,Paperback,Paperback,,247,Gwen
The Prince and Othe Writings,Niccolo ,Machiavelli,2003,Politics,N/I,,NF - Musings,Paperback,,,Dale
The Phoenix Keeper,S.A.,MacLean,2024,Romantasy,N,N/I,Hardback,Hardback,Illumicrate,464,Gwen
Cosmonaut Keep,Ken ,Macleod,2000,Sci-Fi,,,Paperback,Paperback,,,Dale
Assistant to the Villain 1: Assistant to the Villain,Hannah Nicole,Maehrer,2023,Romantasy,Y,N/I,Paperback,Paperback,,342,Gwen
Assistant to the Villain 2: Apprentice to the Villain,Hannah Nicole,Maehrer,2024,Romantasy,Y,N/I,Paperback,Paperback,,355,Gwen
Assistant to the Villain 3: Accomplice to the Villain,Hannah Nicole,Maehrer,2025,Romantasy,Y,N/I,Paperback,Paperback,,,
The Quotable Winston Chruchill,Richard ,Mahoney,2005,History,N/I,,NF - History,Hardback,,,Dale
Station Eleven,Emily St. John,Mandel,2014,Sci-Fi,Y,,Paperback,Paperback,,333,Gwen
The Souls of Blackwood Academy 1: Immortal Consequences,I.V.,Marie,2025,Romantasy,N,N/I,Hardback,Hardback,BotM,495,Gwen
A Clash of Kings,George RR ,Martin,1999,Fantasy,N/I,,Paperback,Paperback,,,Dale
Game of Thrones,George RR ,Martin,1996,Fantasy,DNF,Y,Paperback,Paperback,,,Dale
Rose/House,Arkady,Martine,2023,Sci-Fi,N,,Hardback,Hardback,,115,Gwen
A Desolation Called Peace,Arkady ,Martine,2021,Sci-Fi,N,Y,Hardback,Hardback,,494,Dale
A Memory Called Empire,Arkady ,Martine,2019,Sci-Fi,N,Y,Paperback,Paperback,,,Dale
Winter's Orbit 1: Winter's Orbit,Everina,Maxwell,2021,Sci-Fi,N,,Paperback,Paperback,,430,Gwen
The Labyrinth 1: Exquisite Ruin,Adrianne,May,2025,Romantasy,N,N/I,Hardback,Hardback,Owlcrate,374,Gwen
Famous Last Words,Gillian,McAllister,2025,Mystery,Y,,Hardback,Hardback,BotM,324,Gwen
The Powder Mage Trilogy 1: Promise of Blood,Brian,McClellan,2013,Fantasy,N,,Hardback,Hardback,Broken Binding,545,Gwen
The Powder Mage Trilogy 2: The Crimson Campaign,Brian,McClellan,2014,Fantasy,N,,Hardback,Hardback,Broken Binding,593,Gwen
The Powder Mage Trilogy 3: The Autumn Republic,Brian,McClellan,2015,Fantasy,N,,Hardback,Hardback,Broken Binding,577,Gwen
Wild Dark Shore,Charlotte,McConaghy,2025,Fiction,Y,,Hardback,Hardback,BotM,298,Gwen
Sally's Baking Addiction,Sally ,McKenney,2014,Cooking,N/A,N/A,,,,,Dale
The Gardening Book for Ohio,Denny,McKeown,2004,Gardening,,,NF - Nature,Paperback,,,Dale
Moon-Flash,Patricia A.,Mckillip,2005,Sci-Fi,Y,,Paperback,Paperback,,,Gwen
Storm Over Skye,Allan,McLean,1956,Fiction,N/I,,Hardback,Hardback,,,Gwen
War for the Rose Throne 1: Priest of Bones,Peter,McLean,2018,Fantasy,N,,Hardback,Hardback,Broken Binding,334,Gwen
War for the Rose Throne 2: Priest of Lies,Peter,McLean,2019,Fantasy,N,,Hardback,Hardback,Broken Binding,382,Gwen
War for the Rose Throne 3: Priest of Gallows,Peter,McLean,2021,Fantasy,N,,Hardback,Hardback,Broken Binding,362,Gwen
War for the Rose Throne 4: Priest of Crowns,Peter,McLean,2022,Fantasy,N,,Hardback,Hardback,Broken Binding,439,Gwen
War for the Rose Throne 5: Paved with Good Intentions,Peter,McLean,2025,Fantasy,N,,Hardback,Hardback,Broken Binding,267,Gwen
"Red, White & Royal Blue",Casey,McQuiston,2019,Romance,N,N/I,Hardback,Hardback,BotM,423,Gwen
A Strange and Stubborn Endurance,Foz,Meadows,2022,Romantasy,N,N/I,Paperback,Paperback,,544,Gwen
Notes of a Crocodile,Qiu,Miaojin,1992,Fiction,N,,Paperback,Paperback,,218,Gwen
The Glorious Cause,Robert ,Middlekauff,1982,History,N/I,,NF - History,Paperback,,,Dale
Why Cats are Assholes,Liz,Miele,2021,Comedy,N/I,,NF - Musings,Paperback,,,Dale
New Crobuzon 1: Perdido Street Station,China,Mieville,2000,Fantasy,N,,Hardback,Hardback,Broken Binding,867,Gwen
New Crobuzon 2: The Scar,China,Mieville,2002,Fantasy,N,,Hardback,Hardback,Broken Binding,795,Gwen
New Crobuzon 3: Iron Council,China,Mieville,2004,Fantasy,N,,Hardback,Hardback,Broken Binding,614,Gwen
The City & the City,China,Mieville,2009,Fantasy,N,,Hardback,Hardback,Broken Binding,373,Gwen
Rabbits,Terry,Miles,2021,Sci-Fi,N,,Paperback,Paperback,,419,Gwen
The Women of Wild Hill,Kirsten,Miller,2025,Fantasy,N,,Hardback,Hardback,,347,Gwen
How to be Champion,Sarah,Millican,2017,Memoir,Y,,NF - Bio,Hardback,,,Gwen
The House at Pooh Corner,A.A.,Milne,1942,Children's,N/I,,Hardback,Hardback,,,Gwen
Number9Dream,David ,Mitchel,2001,Fiction,N,,Paperback,Paperback,,400,Gwen
Cloud Atlas,David ,Mitchell,2004,Sci-Fi,DNF,,Hardback,Hardback,,509,Dale
The Bone Clocks,David ,Mitchell,2014,Fiction,N,,Paperback,Paperback,,624,Gwen
Bourbon Empire,Reid ,Mitenbuler,2015,Food,N/I,Y,,,,,Dale
Heaven Official's Blessing 1,-,Mo Xiang Tong Xiu,2021,Light Novel,Y,N/I,Hardback,Hardback,,417,Gwen
Heaven Official's Blessing 2,-,Mo Xiang Tong Xiu,2022,Light Novel,Y,N/I,Hardback,Hardback,,439,Gwen
Heaven Official's Blessing 3,-,Mo Xiang Tong Xiu,2022,Light Novel,Y,N/I,Hardback,Hardback,,415,Gwen
Heaven Official's Blessing 4,-,Mo Xiang Tong Xiu,2022,Light Novel,Y,N/I,Hardback,Hardback,,368,Gwen
Heaven Official's Blessing 5,-,Mo Xiang Tong Xiu,2022,Light Novel,N,N/I,Hardback,Hardback,,413,Gwen
Heaven Official's Blessing 6,-,Mo Xiang Tong Xiu,2023,Light Novel,N,N/I,Hardback,Hardback,,,Gwen
Heaven Official's Blessing 7,-,Mo Xiang Tong Xiu,2023,Light Novel,N,N/I,Hardback,Hardback,,,Gwen
Heaven Official's Blessing 8,-,Mo Xiang Tong Xiu,2023,Light Novel,N,N/I,Hardback,Hardback,,,Gwen
The Full Moon Coffee Shop,Mai,Mochizuki,2024,Fantasy,N,,Hardback,Hardback,,228,Gwen
Scotland's Forgotten Past,Alistair,Moffat,2023,History,N,,NF - History,Hardback,,,Gwen
The Raag of Rta 1: Sons of Darkness,Gourav,Mohanty,2022,Fantasy,N,,Hardback,Hardback,Broken Binding,645,Gwen
The Raag of Rta 2: Dance of Shadows,Gourav,Mohanty,2025,Fantasy,N,,Hardback,Hardback,Broken Binding,795,Gwen
Budget Bytes,Beth,Moncel,2014,Cooking,N/A,N/A,,,,,Dale
Black Spire Outpost Cookbook,Chelsea & Marc Sumerak,Monroe-Cassel,2019,Cooking,N/A,N/A,,,,,Dale
The Elric Saga 1: Elric of Melnibone,Michael,Moorcock,1972,Fantasy,Y,,Hardback,Hardback,,,Gwen
Watchmen,Alan & Dave Gibbons,Moore,,Graphic Novel,,,Comics,Paperback,,,Dale
Altered Carbon,Richard K.,Morgan,2002,Sci-Fi,N,,Paperback,Paperback,,,Gwen
The Bar Book,Jeffrey ,Morgenthaler,2014,Cooking,N/A,N/A,,,,,Dale
Fox Tales,Tomihiko,Morimi,2022,Fantasy,N,,Hardback,Hardback,,231,Gwen
Leave Me Behind,K.M.,Moronova,2024,Romance,N,N/I,Paperback,Paperback,,405,Gwen
Locked Tomb 1: Gideon the Ninth,Tamsyn,Muir,2019,Sci-Fi,N,,Paperback,Paperback,,448,Gwen
Locked Tomb 2: Harrow the Ninth,Tamsyn,Muir,2020,Sci-Fi,N,,Paperback,Paperback,,,Gwen
Locked Tomb 3: Nona the Ninth,Tamsyn,Muir,2022,Sci-Fi,N,,Paperback,Paperback,,,Gwen
Rake Forge Royals,Ashley,Munoz,2025,Romance,N,N/I,Paperback,Paperback,Probably Smut,567,Gwen
The Story of Silence,Alex,Myers,2020,Fantasy,N,,Paperback,Paperback,,447,Gwen
The Poems of Nakahara Chuya,Chuya,Nakahara,1993,Poetry,I,,Paperback,Paperback,,146,Gwen
Durarara!! 1,Ryohgo,Narita,2015,Light Novel,N,N/I,Paperback,Paperback,,219,Gwen
Durarara!! 2,Ryohgo,Narita,2015,Light Novel,N,N/I,Paperback,Paperback,,,Gwen
Durarara!! 3,Ryohgo,Narita,2016,Light Novel,N,N/I,Paperback,Paperback,,,Gwen
Durarara!! SH 1,Ryohgo,Narita,2021,Light Novel,N,N/I,Paperback,Paperback,,,Gwen
Durarara!! SH 2,Ryohgo,Narita,2021,Light Novel,N,N/I,Paperback,Paperback,,,Gwen
Durarara!! SH 3,Ryohgo,Narita,2022,Light Novel,N,N/I,Paperback,Paperback,,,Gwen
Durarara!! SH 4,Ryohgo,Narita,2022,Light Novel,N,N/I,Paperback,Paperback,,,Gwen
Trees of North America,-,National Audubon Society,,Gardening,,,NF - Nature,Hardback,,,Dale
Complete Birds of North America,-,National Geographic,,Science,,,NF - Nature,Hardback,,,Dale
Automatic Noodle,Annalee,Newitz,2025,Sci-Fi,Y,,Hardback,Hardback,,163,Gwen
Complete Pie Cookbook,Nell ,Nichols,1965,Cooking,N/A,N/A,,,,,Dale
Where the River Meets the Soul,S.,Nicole,2023,Romance,N,N/I,Hardback,Hardback,Rainbow Crate,365,Gwen
The Legend of Zelda: Breath of the Wild Explorer's Guide,-,Nintendo,2017,Guidebook,Y,,,Paperback,,,Gwen
The Legend of Zelda: Link's Awakening Dreamer Art Book,-,Nintendo,2019,Guidebook,Y,,,Hardback,,,Gwen
Death Note: Another Note,-,Nisi,2008,Light Novel,N,N/I,Hardback,Hardback,,176,Gwen
Protector,Larry,Niven,1973,Sci-Fi,Y,,Paperback,Paperback,,,Gwen
Ringworld,Larry,Niven,1970,Sci-Fi,Y,,Paperback,Paperback,,,Gwen
The Ringworld Engineers,Larry,Niven,1980,Sci-Fi,Y,,Paperback,Paperback,,,Gwen
The Descent of Anansi,Larry & Steven Barnes,Niven,1982,Sci-Fi,N,,Paperback,Paperback,,,Gwen
Slow Gods,Claire,North,2025,Sci-Fi,N,,Hardback,Hardback,Starbright,438,Gwen
Lower Decks: Warp Your Own Way,Ryan & Chris Fenoglio,North,2024,Graphic Novel,N,N,Comics,Paperback,,106,Gwen
Star Trek: Lower Decks,Ryan & Chris Fenoglio,North,2023,Graphic Novel,N,N,Comics,Paperback,,,Gwen
"Salt, Fat, Acid, HEat",Samin ,Nosrat,2017,Cooking,N/I,Y,,,,,Dale
Buried Deep and Other Stories,Naomi,Novik,2024,Fantasy,N,,Hardback,Hardback,,428,Gwen
Spinning Silver,Naomi,Novik,2018,Fantasy,N,,Paperback,Paperback,,465,Gwen
Temeraire 1: His Magesty's Dragon,Naomi,Novik,2006,Fantasy,N,,Paperback,Paperback,,374,Gwen
Temeraire 2: Throne of Jade,Naomi,Novik,2006,Fantasy,N,,Paperback,Paperback,,,Gwen
Temeraire 3: Black Powder War,Naomi,Novik,2006,Fantasy,N,,Paperback,Paperback,,,Gwen
Temeraire 4: Empire of Ivory,Naomi,Novik,2007,Fantasy,N,,Paperback,Paperback,,,Gwen
The Scholomance 1: A Deadly Education,Naomi,Novik,2020,Fantasy,Y,,Paperback,Paperback,,,Gwen
The Scholomance 2: The Last Graduate,Naomi,Novik,2022,Fantasy,Y,,Paperback,Paperback,,,Gwen
The Scholomance 3: The Golden Enclaves,Naomi,Novik,2022,Fantasy,Y,,Paperback,Paperback,,,Gwen
The Summer War,Naomi,Novik,2025,Fantasy,Y,,Hardback,Hardback,,127,Gwen
Uprooted,Naomi,Novik,2015,Fantasy,N,,Paperback,Paperback,,438,Gwen
The Summer Hikaru Died 1,Mio,Nukaga,2025,Horror,N,N/I,Paperback,Paperback,,152,Gwen
Atlas of World History,Patrick K. ,O'Brien,1999,History,N/I,,NF - History,Paperback,,,Dale
Hamnet,Maggie,O'Farrell,2020,Fiction,Y,,Paperback,Paperback,,305,Gwen
Breaking Away,Patrick ,O'Sullivan,2015,Sports,N/I,N,NF - Sports,Hardback,,,Dale
The Floating World 1: The Floating World,Axie,Oh,2025,Sci-Fi,N,,Hardback,Hardback,,357,Gwen
Death of the Author,Nnedi,Okorafor,2025,Sci-Fi,N,,Hardback,Hardback,Starbright,435,Gwen
The Mimicking of Known Successes,Malka,Older,2023,Sci-Fi,Y,,Hardback,Hardback,,169,Gwen
Willing Prey,Allie,Oleander,2025,Romance,N,N/I,Paperback,Paperback,Probably Smut,315,Gwen
The Final Rose,Amy,Oliveira,2024,Romance,Y,N/I,Paperback,Paperback,,262,Gwen
Ender in Exile,Orson Scott ,Orson Scott ,2008,Sci-Fi,,,Paperback,Paperback,,,Dale
The Bullet That Missed,Richard,Osman,2022,Mystery,N/I,,Paperback,Paperback,,,Dale
The Man Who Died Twice,Richard,Osman,2021,Mystery,N/I,,Paperback,Paperback,,,Dale
The Thursday Murder Club,Richard,Osman,2020,Mystery,,Y,Paperback,Paperback,,,Dale
The Crucible 1: The Games Gods Play,Abigail,Owen,2024,Romantasy,N,N/I,Hardback,Hardback,,509,Gwen
The Flavor Bible,Karen & Andrew Dornenburg,Page ,2008,Cooking,N/A,N/A,,,,,Dale
Chill Factor,David & Craig Merz,Paitson ,2015,Sports,N/I,Y,NF - Sports,Hardback,,,Dale
Star Trek TNG Cats,Jenny,Parks,2018,Art,N/I,Y,NF - Other,Hardback,,,Dale
Bravetart,Stella ,Parks,2017,Cooking,N/A,N/A,,,,,Dale
Goddess of the River,Vaishnavi,Patel,2024,Fantasy,N,,Hardback,Hardback,Illumicrate,403,Gwen
Kaikeyi,Vaishnavi,Patel,2022,Fantasy,N,,Hardback,Hardback,,475,Gwen
Fun with Kirk and Spock,Robb ,Pearlman,2014,Sci-Fi,,Y,NF - Other,Hardback,,,Dale
The Courting of Bristol Keats,Mary E.,Pearson,2024,Romantasy,N,N/I,Hardback,Hardback,Owlcrate,541,Gwen
The Last Wish of Bristol Keats,Mary E.,Pearson,2025,Romantasy,N,N/I,Hardback,Hardback,Owlcrate,437,Gwen
The London Seance Society,Sarah,Penner,2023,Fantasy,N,,Paperback,Paperback,,352,Gwen
The Lost Apothecary,Sarah,Penner,2021,Fantasy,N,,Paperback,Paperback,,301,Gwen
Woman on the Edge of Time,Marge,Piercy,1976,Sci-Fi,N,,Paperback,Paperback,,417,Gwen
The Complete Houseplant Survival Guide,Barbara ,Pleasant,2005,Gardening,N/A,N/A,NF - Nature,Hardback,,,Dale
Gateway,Frederik ,Pohl,1976,Sci-Fi,,,Paperback,Paperback,,,Dale
Even Though I Knew the End,C.L.,Polk,2022,Fantasy,N,,Paperback,Paperback,,131,Gwen
The Kingston Cycle 1: Witchmark,C.L.,Polk,2018,Fantasy,Y,,Paperback,Paperback,,318,Gwen
The Kingston Cycle 2: Stormsong,C.L.,Polk,2020,Fantasy,N,,Paperback,Paperback,,,Gwen
The Kingston Cycle 3: Soulstar,C.L.,Polk,2021,Fantasy,N,,Paperback,Paperback,,,Gwen
The Midnight Bargain,C.L.,Polk,2021,Fantasy,N,,Paperback,Paperback,,365,Gwen
Rise of the Roman Empire,-,Polybius,1979,History,N/I,,NF - History,Paperback,,,Dale
Garden of the Cursed 1: Garden of the Cursed,Katy Rose,Pool,2023,Romantasy,N,N/I,Hardback,Hardback,Owlcrate,342,Gwen
Garden of the Cursed 2: Masquerade of the Heart,Katy Rose,Pool,2024,Romantasy,N,N/I,Hardback ,Hardback,Owlcrate,358,Gwen
A Treachery of Swans,A.B.,Poranek,2025,Romantasy,N,,Hardback,Hardback,Illumicrate,389,Gwen
Janissaries,Jerry ,Pournelle,1981,Sci-Fi,,,Paperback,Paperback,,,Dale
Future's Edge,Gareth,Powell,2025,Sci-Fi,N,,Hardback,Hardback,Broken Binding,304,Gwen
Jitterbug,Gareth J.,Powell,2026,Sci-Fi,N,,Hardback,Hardback,Starbright,307,Gwen
A Blink of the Screen,Terry,Pratchett,2012,Fantasy,,,Display,Paperback,,,Dale
Color of Magic,Terry,Pratchett,1983,Fantasy,Y,Y,Display,Hardback,,,Dale
Discworld 01: The Color of Magic,Terry,Pratchett,1983,Fantasy,Y,,,Paperback,,228,Gwen
Discworld 01: The Color of Magic,Terry,Pratchett,1983,Fantasy,Y,,Display,Hardback,UK Hardcover,228,Gwen
Discworld 02: The Light Fantastic,Terry,Pratchett,1986,Fantasy,Y,Y,,Paperback,,,Gwen
Discworld 02: The Light Fantastic,Terry,Pratchett,1986,Fantasy,Y,Y,Display,Hardback,UK Hardcover,,Gwen
Discworld 03: Equal Rites,Terry,Pratchett,1987,Fantasy,Y,,,Paperback,,,Gwen
Discworld 03: Equal Rites,Terry,Pratchett,1987,Fantasy,Y,,Display,Hardback,UK Hardcover,,Gwen
Discworld 04: Mort,Terry,Pratchett,2013,Fantasy,Y,,Display,Hardback,UK Hardcover,,Gwen
Discworld 04: Mort,Terry,Pratchett,1987,Fantasy,Y,,,Paperback,,,Gwen
Discworld 05: Sourcery,Terry,Pratchett,1988,Fantasy,Y,,,Paperback,,,Gwen
Discworld 05: Sourcery,Terry,Pratchett,1988,Fantasy,Y,,Display,Hardback,UK Hardcover,,Gwen
Discworld 06: Wyrd Sisters,Terry,Pratchett,1988,Fantasy,Y,,,Paperback,,,Gwen
Discworld 07: Pyramids,Terry,Pratchett,1989,Fantasy,Y,,,Paperback,,,Gwen
Discworld 07: Pyramids,Terry,Pratchett,1989,Fantasy,Y,,Display,Hardback,UK Hardcover,,Gwen
Discworld 08: Guards! Guards!,Terry,Pratchett,1989,Fantasy,Y,,,Paperback,,,Gwen
Discworld 08: Guards! Guards!,Terry,Pratchett,1989,Fantasy,Y,,Display,Hardback,UK Hardcover,,Gwen
Discworld 09: Eric,Terry,Pratchett,1990,Fantasy,N,,,Paperback,,,Gwen
Discworld 10: Moving Pictures,Terry,Pratchett,1990,Fantasy,Y,,,Paperback,,,Gwen
Discworld 10: Moving Pictures,Terry,Pratchett,1990,Fantasy,Y,,Display,Hardback,UK Hardcover,,Gwen
Discworld 11: Reaper Man,Terry,Pratchett,1991,Fantasy,Y,,,Paperback,,,Gwen
Discworld 11: Reaper Man,Terry,Pratchett,1991,Fantasy,Y,,Display,Hardback,UK Hardcover,,Gwen
Discworld 12: Witches Abroad,Terry,Pratchett,2014,Fantasy,Y,,Display,Hardback,UK Hardcover,,Gwen
Discworld 12: Witches Abroad,Terry,Pratchett,1991,Fantasy,Y,,,Paperback,,,Gwen
Discworld 13: Small Gods,Terry,Pratchett,1992,Fantasy,Y,,,Paperback,,,Gwen
Discworld 13: Small Gods,Terry,Pratchett,1992,Fantasy,Y,,Display,Hardback,UK Hardcover,,Gwen
Discworld 14: Lords and Ladies,Terry,Pratchett,1992,Fantasy,Y,,,Paperback,,,Gwen
Discworld 15: Men at Arms,Terry,Pratchett,1993,Fantasy,Y,,,Paperback,,,Gwen
Discworld 15: Men at Arms,Terry,Pratchett,1993,Fantasy,Y,,Display,Hardback,UK Hardcover,,Gwen
Discworld 16: Soul Music,Terry,Pratchett,1994,Fantasy,Y,,,Paperback,,,Gwen
Discworld 16: Soul Music,Terry,Pratchett,1994,Fantasy,Y,,Display,Hardback,UK Hardcover,,Gwen
Discworld 17: Interesting Times,Terry,Pratchett,1994,Fantasy,Y,,,Paperback,,,Gwen
Discworld 17: Interesting Times,Terry,Pratchett,1994,Fantasy,Y,,Display,Hardback,UK Hardcover,,Gwen
Discworld 18: Maskerade,Terry,Pratchett,2014,Fantasy,Y,,Display,Hardback,UK Hardcover,,Gwen
Discworld 18: Maskerade,Terry,Pratchett,1995,Fantasy,Y,,,Paperback,,,Gwen
Discworld 19: Feet of Clay,Terry,Pratchett,1996,Fantasy,Y,,,Paperback,,,Gwen
Discworld 19: Feet of Clay,Terry,Pratchett,1996,Fantasy,Y,,Display,Hardback,UK Hardcover,,Gwen
Discworld 20: Hogfather,Terry,Pratchett,1996,Fantasy,Y,,,Paperback,,,Gwen
Discworld 20: Hogfather,Terry,Pratchett,1996,Fantasy,Y,,Display,Hardback,UK Hardcover,,Gwen
Discworld 21: Jingo,Terry,Pratchett,1997,Fantasy,N,,,Paperback,,,Gwen
Discworld 22: The Last Continent,Terry,Pratchett,1998,Fantasy,N,,,Paperback,,,Gwen
Discworld 23: Carpe Jugulum,Terry,Pratchett,1998,Fantasy,N,,,Paperback,,,Gwen
Discworld 25: The Truth,Terry,Pratchett,2000,Fantasy,N,,,Paperback,,,Gwen
Discworld 25: The Truth,Terry,Pratchett,2000,Fantasy,N,,Display,Hardback,UK Hardcover,,Gwen
Discworld 26: Thief of Time,Terry,Pratchett,2001,Fantasy,Y,,,Paperback,,,Gwen
Discworld 30: The Wee Free Men,Terry,Pratchett,2003,Fantasy,N,,,Paperback,,,Gwen
Discworld 31: Monstrous Regiment,Terry,Pratchett,2003,Fantasy,N,,,Paperback,,,Gwen
Discworld 33: Going Postal,Terry,Pratchett,2004,Fantasy,N,,,Paperback,,,Gwen
Discworld 33: Going Postal,Terry,Pratchett,2004,Fantasy,N,,Display,Hardback,UK Hardcover,,Gwen
Discworld 34: Thud!,Terry,Pratchett,2005,Fantasy,N,,,Paperback,,,Gwen
Discworld 36: Making Money,Terry,Pratchett,2007,Fantasy,N,,,Paperback,,,Gwen
Discworld 37: Unseen Academicals,Terry,Pratchett,2007,Fantasy,N,,,Paperback,,,Gwen
Discworld 37: Unseen Academicals,Terry,Pratchett,2007,Fantasy,N,,Display,Hardback,UK Hardcover,,Gwen
Discworld 39: Snuff,Terry,Pratchett,2011,Fantasy,N,,,Paperback,,,Gwen
Good Omens: The Official (and Ineffable) Graphic Novel,Terry,Pratchett,2025,Graphic Novel,N,N,Comics,Hardback,,,Gwen
Interesting Times,Terry,Pratchett,1994,Fantasy,Y,Y,,,,,Dale
Mort,Terry,Pratchett,1987,Fantasy,Y,Y,,,,,Dale
Night Watch,Terry,Pratchett,2002,Fantasy,Y,,,Paperback,,,Dale
Night Watch,Terry,Pratchett,2002,Fantasy,Y,,Display,Hardback,,,Dale
Small Gods,Terry,Pratchett,1992,Fantasy,Y,Y,Display,Hardback,,,Dale
The Amazing Maurice and His Educated Rodents,Terry,Pratchett,2001,Fantasy,,Y,,,,,Dale
The Complete Discworld Atlas,Terry,Pratchett,,Fantasy,,,Display,Hardback,,,Dale
The Light Fantastic,Terry,Pratchett,1986,Fantasy,Y,Y,Display,Hardback,,,Dale
The Science of Discworld,Terry,Pratchett,,Fantasy,,,Display,Paperback,,,
The Ultimate Discworld Companion,Terry,Pratchett,,Fantasy,,,Display,Hardback,,,Dale
A Hat Full of Sky,Terry ,Pratchett,2004,Fantasy,,,,,,,Dale
A Stroke of the Pen,Terry ,Pratchett,2023,Fantasy,,,Hardback,Hardback,,,Dale
Discworld 41: The Shepherd's Crown,Terry ,Pratchett,2015,Fantasy,,,,,,,Dale
Discworld 41: The Shepherd's Crown,Terry ,Pratchett,2015,Fantasy,,,Display,Hardback,UK Hardcover,,Dale
I Shall Wear Midnight,Terry ,Pratchett,2010,Fantasy,,,,,,,Dale
Raising Steam,Terry ,Pratchett,2013,Fantasy,,,,,,,Dale
The Art of Discworld,Terry ,Pratchett,2004,Art,N/A,N/A,Display,Hardback,,,Dale
The Fifth Elephant,Terry ,Pratchett,1999,Fantasy,,Y,,,,,Dale
The Last Hero,Terry ,Pratchett,2002,Fantasy,,,Display,Paperback,,,Dale
Wintersmith,Terry ,Pratchett,2006,Fantasy,,,,,,,Dale
Good Omens,Terry & Neil Gaiman,Pratchett,1990,Fantasy,Y,,,Paperback,,,Gwen
Good Omens,Terry & Neil Gaiman,Pratchett,2013,Fantasy,Y,,Display,Hardcover,UK Hardcover,,Gwen
Good Omens,Terry & Neil Gaiman,Pratchett ,1990,Fantasy,Y,Y,Paperback,Paperback,,,Dale
The Long Earth,Terry & Stephen Baxter,Pratchett ,2012,Sci-Fi,,,Paperback,Paperback,,,Dale
The Black Hunger,Nicholas,Pullen,2024,Horror,N,,Hardback,Hardback,Broken Binding,372,Gwen
The Entanglement of Rival Wizards,Sara,Raasch,2025,Romantasy,N,N/I,Paperback,Paperback,,324,Gwen
To the Moon and Back,Eliana,Ramage,2025,Fiction,N,,Hardback,Hardback,BotM,438,Gwen
Japanese Tales of Mystery and Imagination,Edogawa,Rampo,1956,Mystery,N,,Paperback,Paperback,,222,Gwen
Dawn of the Firebird,Sarah Mughal,Rana,2025,Fantasy,N,,Hardback,Hardback,Fairyloot,483,Gwen
Fix-it and Forget-it Cookbook,Dawn & Phyllis Good,Ranck ,2000,Cooking,N/A,N/A,,,,,Dale
The Tuenelo Duet 1: North is the Night,Emily,Rath,2024,Romantasy,N,N/I,Hardback,Hardback,,570,Gwen
A Study in Drowning 1: A Study in Drowning,Ava,Reid,2023,Fantasy,N,,Hardback,Hardback,,376,Gwen
A Study in Drowning 2: A Theory of Dreaming,Ava,Reid,2025,Fantasy,N,,Hardback,Hardback,,399,Gwen
Lady MacBeth,Ava,Reid,2024,Fantasy,N,,Hardback,Hardback,Owlcrate,295,Gwen
A Door in the Dark,Scott,Reintgen,2023,Fantasy,N,,Paperback,Paperback,,368,Gwen
The Veiled Kingdom 1: The Veiled Kingdom,Holly,Renee,2024,Romantasy,N,N/I,Hardback,Hardback,Bookish,294,Gwen
Redemption Ark,Alastair ,Reynolds,2002,Sci-Fi,N,,Paperback,Paperback,,,Dale
Revelation Space,Alastair ,Reynolds,2000,Sci-Fi,N,,Paperback,Paperback,,,Dale
Shades of Sin 1: Luxuria,Colette,Rhodes,2025,Romantasy,N,N/I,Hardback,Hardback,Bookish,,Gwen
Vampire Chronicles 1: Interview With the Vampire,Anne,Rice,1976,Horror,Y,,Office,Boxset,,,Gwen
Vampire Chronicles 2: The Vampire Lestat,Anne,Rice,1985,Horror,Y,,Office,Paperback,,552,Gwen
Vampire Chronicles 2: The Vampire Lestat,Anne,Rice,1985,Horror,Y,,Office,Boxset,,,Gwen
Vampire Chronicles 3: The Queen of the Damned,Anne,Rice,1988,Horror,Y,,Office,Boxset,,,Gwen
Vampire Chronicles 4: The Tale of the Body Thief,Anne,Rice,1992,Horror,Y,,Office,Boxset,,,Gwen
Vampire Chronicles 5: Memnoch the Devil,Anne,Rice,1995,Horror,Y,,Office,Paperback,,,Gwen
Vampire Chronicles 6: The Vampire Armand,Anne,Rice,1998,Horror,Y,,Office,Paperback,,,Gwen
Vampire Chronicles 7: Merrick,Anne,Rice,2000,Horror,Y,,Office,Paperback,,,Gwen
If We Were Villains,M.L.,Rio,2017,Fiction,N,,Paperback,Paperback,,354,Gwen
Between Earth and Sky 1: Black Sun,Rebecca,Roanhorse,2020,Fantasy,N,,Hardback,Hardback,Broken Binding,344,Gwen
Between Earth and Sky 2: Fevered Star,Rebecca,Roanhorse,2022,Fantasy,N,,Hardback,Hardback,Broken Binding,328,Gwen
Between Earth and Sky 3: Mirrored Heavens,Rebecca,Roanhorse,2024,Fantasy,N,,Hardback,Hardback,Broken Binding,503,Gwen
The Calculating Stars,Mary ,Robinette Kowal,2018,Sci-Fi,N,,Paperback,Paperback,,,Dale
Apprehension / Red Star Hustle,Mary & Sam J. Miller,Robinette Kowal,2025,Sci-Fi,N,,Paperback,Paperback,,,Gwen
Rain of Shadows and Endings,Melissa K.,Roehrich,2025,Romantasy,N,N/I,Hardback,Hardback,Bookish,646,Gwen
The Joy of Cooking 75th Anniversary Edition,Irma & Marion Becker & Ethan Becker,Rombauer,2006,Cooking,N/A,N/A,,,,,Dale
Intermezzo,Sally,Rooney,2024,Fiction,N,,Hardback,Hardback,,448,Gwen
Faces,A.M.,Rose,2024,Romance,N,N/I,Hardback,Hardback,Rainbow Crate,189,Gwen
Case File Compendium 1,-,Rou Bao Bu Chi Rou,2023,Light Novel,Y,N/I,Paperback,Paperback,,,Gwen
Case File Compendium 2,-,Rou Bao Bu Chi Rou,2024,Light Novel,N,N/I,Paperback,Paperback,,416,Gwen
Remnants of Filth 1,-,Rou Bao Bu Chi Rou,2023,Light Novel,N,N/I,Paperback,Paperback,,427,Gwen
The Husky & His White Cat Shizun 1,-,Rou Bao Bu Chi Rou,2022,Light Novel,N,N/I,Paperback,Paperback,,524,Gwen
Manga: The Citi Exhibition,& Matsuba Ryoko,Rousmaniere,2019,History,N,,,Oversize,,,Gwen
Attachments,Rainbow,Rowell,2011,Romance,N,N/I,Hardback,Hardcover,,323,Gwen
Fangirl,Rainbow,Rowell,2013,Fiction,N,,Hardback,Hardcover,,483,Gwen
Simon Snow Trilogy 1: Carry On,Rainbow,Rowell,2015,Fantasy,N,,,Boxset,,522,Gwen
Simon Snow Trilogy 2: Wayward Son,Rainbow,Rowell,2019,Fantasy,N,,,Boxset,,,Gwen
Simon Snow Trilogy 3: Any Way the Wind Blows,Rainbow,Rowell,2021,Fantasy,N,,,Boxset,,,Gwen
Slow Dance,Rainbow,Rowell,2024,Romance,N,N/I,Hardback,Hardback,,390,Gwen
Harry Potter 1: Harry Potter and the Sorcerer's Stone,J.K.,Rowling,1997,Fantasy,Y,,,Hardcover,,,Gwen
Harry Potter 2: Harry Potter and the Chamber of Secrets,J.K.,Rowling,1998,Fantasy,Y,,,Hardcover,,,Gwen
Harry Potter 3: Harry Potter and the Prisoner of Azkaban,J.K.,Rowling,1999,Fantasy,Y,,,Hardcover,,,Gwen
Harry Potter 4: Harry Potter and the Goblet of Fire,J.K.,Rowling,2000,Fantasy,Y,,,Hardcover,,,Gwen
Harry Potter 5: Harry Potter and the Order of the Phoenix,J.K.,Rowling,2003,Fantasy,Y,,,Hardcover,,,Gwen
Harry Potter 6: Harry Potter and the Half-Blood Prince,J.K.,Rowling,2005,Fantasy,Y,,,Hardcover,,,Gwen
Harry Potter 7: Harry Potter and the Deathly Hallows,J.K.,Rowling,2007,Fantasy,Y,,,Hardcover,,,Gwen
ハリー・ポッタ１−１,J.K.,Rowling,1997,Fantasy,I,N/I,JP Novel,Paperback,,261,Gwen
ハリー・ポッタ１−２,J.K.,Rowling,1997,Fantasy,,N/I,JP Novel,Paperback,,244,Gwen
ハリー・ポッタ２−１,J.K.,Rowling,,Fantasy,,N/I,JP Novel,Paperback,,301,Gwen
ハリー・ポッタ２−２,J.K.,Rowling,,Fantasy,,N/I,JP Novel,Paperback,,261,Gwen
ハリー・ポッタ３−１,J.K.,Rowling,,Fantasy,,N/I,JP Novel,Paperback,,373,Gwen
ハリー・ポッタ３−２,J.K.,Rowling,,Fantasy,,N/I,JP Novel,Paperback,,333,Gwen
ハリー・ポッタ４−１,J.K.,Rowling,,Fantasy,,N/I,JP Novel,Paperback,,389,Gwen
ハリー・ポッタ４−２,J.K.,Rowling,,Fantasy,,N/I,JP Novel,Paperback,,429,Gwen
ハリー・ポッタ４−３,J.K.,Rowling,,Fantasy,,N/I,JP Novel,Paperback,,429,Gwen
ハリー・ポッタ５−１,J.K.,Rowling,,Fantasy,,N/I,JP Novel,Paperback,,349,Gwen
ハリー・ポッタ５−２,J.K.,Rowling,,Fantasy,,N/I,JP Novel,Paperback,,388,Gwen
ハリー・ポッタ５−３,J.K.,Rowling,,Fantasy,,N/I,JP Novel,Paperback,,405,Gwen
ハリー・ポッタ５−４,J.K.,Rowling,,Fantasy,,N/I,JP Novel,Paperback,,381,Gwen
ハリー・ポッタ６−１,J.K.,Rowling,,Fantasy,,N/I,JP Novel,Paperback,,325,Gwen
ハリー・ポッタ６−２,J.K.,Rowling,,Fantasy,,N/I,JP Novel,Paperback,,389,Gwen
ハリー・ポッタ６−３,J.K.,Rowling,,Fantasy,,N/I,JP Novel,Paperback,,397,Gwen
ハリー・ポッタ７−１,J.K.,Rowling,,Fantasy,,N/I,JP Novel,Paperback,,318,Gwen
ハリー・ポッタ７−２,J.K.,Rowling,,Fantasy,,N/I,JP Novel,Paperback,,317,Gwen
ハリー・ポッタ７−３,J.K.,Rowling,,Fantasy,,N/I,JP Novel,Paperback,,301,Gwen
ハリー・ポッタ７−４,J.K.,Rowling,,Fantasy,,N/I,JP Novel,Paperback,,325,Gwen
Harry Potter and the Sorcerer's Stone Illustrated,J.K. ,Rowling,2015,Fantasy,Y,Y,,,,,Dale
The Sun Eater 1: Empire of Silence,Christopher,Ruocchio,2018,Sci-Fi,Y,,Hardback,Hardback,,612,Gwen
The Sun Eater 1: Empire of Silence,Christopher,Ruocchio,2018,Sci-Fi,Y,,Hardback,Hardback,Broken Binding,,Gwen
The Sun Eater 1.5: The Lesser Devil,Christopher,Ruocchio,2020,Science,Y,,Hardback,Paperback,,172,Gwen
The Sun Eater 2: Howling Dark,Christopher,Ruocchio,2019,Sci-Fi,Y,,Hardback,Hardback,,688,Gwen
The Sun Eater 2: Howling Dark,Christopher,Ruocchio,2019,Sci-Fi,Y,,Hardback,Hardback,Broken Binding,,Gwen
The Sun Eater 3: Demon in White,Christopher,Ruocchio,2020,Sci-Fi,Y,,Hardback,Hardback,,,Gwen
The Sun Eater 3: Demon in White,Christopher,Ruocchio,2020,Sci-Fi,Y,,Hardback,Hardback,Broken Binding,,Gwen
The Sun Eater 4: Kingdoms of Death,Christopher,Ruocchio,2022,Sci-Fi,Y,,Hardback,Hardback,,501,Gwen
The Sun Eater 4: Kingdoms of Death,Christopher,Ruocchio,2022,Sci-Fi,Y,,Hardback,Hardback,Broken Binding,501,Gwen
The Sun Eater 5: Ashes of Man,Christopher,Ruocchio,2022,Sci-Fi,Y,,Hardback,Hardback,,498,Gwen
The Sun Eater 5: Ashes of Man,Christopher,Ruocchio,2022,Sci-Fi,Y,,Hardback,Hardback,Broken Binding,498,Gwen
The Sun Eater 5.5: The Dregs of Empire,Christopher,Ruocchio,2023,Sci-Fi,Y,,Hardback,Hardback,,330,Gwen
The Sun Eater 6: Disquiet Gods,Christopher,Ruocchio,2024,Sci-Fi,N,,Display,Hardback,,690,Gwen
The Sun Eater 7: Shadows Upon Time,Christopher,Ruocchio,2025,Sci-Fi,N,,Display,Hardback,,903,Gwen
The Sparrow 1: The Sparrow,Mary Doria,Russell,1996,Sci-Fi,N,,Hardback,Hardback,Broken Binding,505,Gwen
The Sparrow 2: Children of God,Mary Doria,Russell,1998,Sci-Fi,N,,Hardback,Hardback,Broken Binding,508,Gwen
Raven's Shadow 1: Blood Song,Anthony,Ryan,2011,Fantasy,N,,Paperback,Paperback,,582,Gwen
Dessert Person,Claire ,Saffitz,2020,Cooking,N/A,N/A,,,,,Dale
A Dark and Drowing Tide,Allison,Saft,2024,Romantasy,N,N/I,Hardback,Hardback,Illumicrate,364,Gwen
Contact,Carl,Sagan,1985,Sci-Fi,,Y,Hardback,Hardback,,431,Dale
Cosmos,Carl,Sagan,1980,Science,,,NF - Nature,Paperback,,,Dale
The Sins on Their Bones,Laura R.,Samotin,2024,Fantasy,N,,Hardback,Hardback,Owlcrate,408,Gwen
Arcanum Unbounded,Brandon,Sanderson,2016,Fantasy,I,,,Hardback,,671,Gwen
Dawnshard,Brandon,Sanderson,2020,Fantasy,Y,,,Hardback,,293,Gwen
Edgedancer,Brandon,Sanderson,2016,Fantasy,Y,,,Hardback,,268,Gwen
Elantris,Brandon,Sanderson,2005,Fantasy,Y,,,Paperback,,,Gwen
Mistborn 1: Mistborn,Brandon,Sanderson,2006,Fantasy,Y,,,Paperback,,,Gwen
Mistborn 2: The Well of Ascension,Brandon,Sanderson,2007,Fantasy,Y,,,Paperback,,,Gwen
Mistborn 3: The Hero of Ages,Brandon,Sanderson,2008,Fantasy,Y,,,Paperback,,,Gwen
Tailored Realities,Brandon,Sanderson,2025,Short Stories,N,Y,Hardback,Hardback,,428,Gwen
The Frugal Wizard's Handbook for Surviving Medieval England (Collector's Edition),Brandon,Sanderson,2023,Sci-Fi,Y,,,Hardback,,,Gwen
The Stormlight Archive 1: The Way of Kings Part One,Brandon,Sanderson,2022,Fantasy,Y,,,Hardback,,,Gwen
The Stormlight Archive 1: The Way of Kings Part Two,Brandon,Sanderson,2022,Fantasy,Y,,,Hardback,,,Gwen
The Stormlight Archive 2: Words of Radiance Part One,Brandon,Sanderson,2022,Fantasy,Y,,,Hardback,,,Gwen
The Stormlight Archive 2: Words of Radiance Part Two,Brandon,Sanderson,2022,Fantasy,Y,,,Hardback,,,Gwen
The Stormlight Archive 3: Oathbringer Part One,Brandon,Sanderson,2022,Fantasy,Y,,,Hardback,,,Gwen
The Stormlight Archive 3: The Oathbringer Part Two,Brandon,Sanderson,2022,Fantasy,Y,,,Hardback,,,Gwen
The Stormlight Archive 4: Rhythm of War Part One,Brandon,Sanderson,2022,Fantasy,Y,,,Hardback,,,Gwen
The Stormlight Archive 4: Rhythm of War Part Two,Brandon,Sanderson,2022,Fantasy,Y,,,Hardback,,,Gwen
The Stormlight Archives 5: Wind and Truth,Brandon,Sanderson,2024,Fantasy,N,,,Hardback,,1329,Gwen
The Sunlit Man (Collector's Edition),Brandon,Sanderson,2023,Fantasy,N,,,Hardback,,,Gwen
Tress of the Emerald Sea (Collector's Edition),Brandon,Sanderson,2023,Fantasy,N,,,Hardback,,,Gwen
Warbreaker,Brandon,Sanderson,2010,Fantasy,Y,,,Paperback,,,Gwen
Wax and Wayne 1: The Alloy of Law,Brandon,Sanderson,2011,Fantasy,Y,,Display,Paperback,,,Gwen
Wax and Wayne 2: Shadows of Self,Brandon,Sanderson,2015,Fantasy,Y,,Display,Paperback,,386,Gwen
Wax and Wayne 3: The Bands of Mourning,Brandon,Sanderson,2016,Fantasy,Y,,Display,Paperback,,452,Gwen
Wax and Wayne 4: The Lost Metal,Brandon,Sanderson,2022,Fantasy,N,,Display,Paperback,,507,Gwen
Yumi and the Nightmare Painter (Collector's Edition),Brandon,Sanderson,2023,Fantasy,N,,,Hardback,,,Gwen
Masquerade,O.O.,Sangoyomi,2024,Fantasy,N,,Hardback,Hardback,,336,Gwen
Bored Gay Werewolf,Tony,Santorella,2023,Fantasy,Y,,Hardback,Hardback,,256,Gwen
The Witcher 1: The Last Wish,Andrzej,Sapkowski,2015,Fantasy,Y,,,Boxset,,,Gwen
The Witcher 2: Sword of Destiny,Andrzej,Sapkowski,2015,Fantasy,Y,,,Boxset,,405,Gwen
The Witcher 3: Blood of Elves,Andrzej,Sapkowski,2009,Fantasy,Y,,,Boxset,,,Gwen
The Witcher 4: The Time of Contempt,Andrzej,Sapkowski,2013,Fantasy,Y,,,Boxset,,,Gwen
The Witcher 5: Baptism of Fire,Andrzej,Sapkowski,2014,Fantasy,Y,,,Boxset,,,Gwen
The Witcher 6: The Tower of Swallows,Andrzej,Sapkowski,2016,Fantasy,Y,,,Boxset,,,Gwen
The Witcher 7: The Lady of the Lake,Andrzej,Sapkowski,2017,Fantasy,Y,,,Boxset,,,Gwen
The Witcher 8: Season of Storms,Andrzej,Sapkowski,2018,Fantasy,N,,,Boxset,,,Gwen
The Complete Persepolis,Marjane ,Satrapi,2004,Graphic Novel,,Y,Comics,Paperback,,,Dale
Old Man's War,John,Scalzi,2005,Sci-Fi,,Y,,,,,Dale
Redshirts,John,Scalzi,2012,Sci-Fi,Y,Y,Paperback,Paperback,,,Dale
The Ghost Brigades,John,Scalzi,2006,Sci-Fi,,,,,,,Dale
The Interdependency 1: The Collapsing Empire,John,Scalzi,2017,Sci-Fi,N,,Paperback,Paperback,,336,Gwen
The Interdependency 2: The Consuming Fire,John,Scalzi,2018,Sci-Fi,N,,Paperback,Paperback,,,Gwen
The Interdependency 3: The Last Emperox,John,Scalzi,2020,Sci-Fi,N,,Paperback,Paperback,,,Gwen
The Kaiju Preservation Society,John,Scalzi,2022,Sci-Fi,,,Paperback,Paperback,,,Dale
The Last Colony,John,Scalzi,2007,Sci-Fi,,,,,,,Dale
The Ashes of Thezmarr 1: Iron & Embers,Helen,Scheurer,2025,Romantasy,N,N/I,Hardback,Hardback,Fairyloot,527,Gwen
The Light Eaters,Zoe,Schlanger,2024,Science,Y,,NF - Nature,Paperback,,259,Gwen
Bury Our Bones in the Midnight Soil,V.E.,Schwab,2025,Fantasy,Y,,Hardback,Hardback,Fairyloot,533,Gwen
Gallant,V.E.,Schwab,2022,Fantasy,Y,,Hardback,Hardback,,310,Gwen
Monsters of Verity 1: This Savage Song,V.E.,Schwab,2016,Fantasy,N,,Hardback,Hardback,,469,Gwen
Monsters of Verity 2: Our Dark Duet,V.E.,Schwab,2017,Fantasy,N,,Hardback,Hardback,,,Gwen
The Invisible Life of Addie Larue,V.E.,Schwab,2020,Fantasy,N,,Paperback,Paperback,,448,Gwen
The Near Witch,V.E.,Schwab,2019,Fantasy,N,,Paperback,Paperback,,284,Gwen
The Shades of Magic 1: A Darker Shade of Magic,V.E.,Schwab,2015,Fantasy,Y,,Hardback,Hardback,Owlcrate,424,Gwen
The Shades of Magic 1: A Darker Shade of Magic,V.E.,Schwab,2015,Fantasy,Y,,Hardback,Hardback,Wraithmarked,468,Gwen
The Shades of Magic 2: A Gathering of Shadows,V.E.,Schwab,2016,Fantasy,Y,,Hardback,Hardback,Owlcrate,542,Gwen
The Shades of Magic 3: A Conjuring of Light,V.E.,Schwab,2017,Fantasy,Y,,Hardback,Hardback,Owlcrate,639,Gwen
Threads of Power 1: The Fragile Threads of Power,V.E.,Schwab,2023,Fantasy,Y,,Hardback,Hardback,Owlcrate,644,Gwen
Threads of Power 1: The Fragile Threads of Power,V.E.,Schwab,2023,Fantasy,Y,,,Hardback,,,Gwen
Villains 1: Vicious,V.E.,Schwab,2013,Fantasy,N,,,Boxset,,366,Gwen
Villains 2: Vengeful,V.E.,Schwab,2018,Fantasy,N,,,Boxset,,,Gwen
Riley Thorn 1: The Dead Guy Next Door,Lucy,Score,2020,Romantasy,N,N/I,Hardback,Hardback,Bookish,458,Gwen
Riley Thorn 2: The Corpse in the Closet,Lucy,Score,2021,Romantasy,N,N/I,Hardback,Hardback,Bookish,366,Gwen
Riley Thorn 3: The Blast from the Past,Lucy,Score,2023,Romantasy,N,N/I,Hardback,Hardback,Bookish,337,Gwen
Empyreal 1: The Temptation of Magic,Megan,Scott,2024,Fantasy,N,,Hardback,Hardback,Fairyloot,364,Gwen
Alchemised,-,SenLinYu,2025,Romantasy,Y,N/I,Hardback,Hardback,Fairyloot,964,Gwen
Discontent,Beatriz,Serrano,2025,Fiction,N,,Hardback,Hardback,BotM,180,Gwen
I Will Teach You to Be Rich,Ramit ,Sethi,2009,Finance,N/A,N/A,,,,,Dale
The Lost Story,Meg,Shaffer,2024,Fantasy,N,,Hardback,Hardback,BotM,322,Gwen
Hamlet,-,Shakespeare,1998,Fiction,Y,,Paperback,Paperback,,,Gwen
The Bone Season 1: The Bone Season,Samantha,Shannon,2023,Sci-Fi,N,,,Boxset,,562,Gwen
The Bone Season 2: The Mime Order,Samantha,Shannon,2023,Sci-Fi,N,,,Boxset,,524,Gwen
The Bone Season 3: The Song Rising,Samantha,Shannon,2023,Sci-Fi,N,,,Boxset,,344,Gwen
The Bone Season 4: The Mask Falling,Samantha,Shannon,2023,Sci-Fi,N,,,Boxset,,461,Gwen
The Roots of Chaos 0.1: A Day of Fallen Night,Samantha,Shannon,2023,Fantasy,Y,,Hardback,Hardback,Illumicrate,868,Gwen
The Roots of Chaos 0.2: Among the Burning Flowers,Samantha,Shannon,2025,Fantasy,Y,,Hardback,Hardback,Illumicrate,277,Gwen
The Roots of Chaos 1: The Priory of the Orange Tree,Samantha,Shannon,2019,Fantasy,Y,,Hardback,Hardback,Illumicrate,830,Gwen
Frankenstein,Mary ,Shelley,1818,Sci-Fi,,,Hardback,Hardback,,234,Dale
Raven of the Inner Palace 1,Kouko,Shirakawa,2023,Light Novel,N,N/I,Paperback,Paperback,,314,Gwen
Raven of the Inner Palace 2,Kouko,Shirakawa,2023,Light Novel,N,N/I,Paperback,Paperback,,,Gwen
Raven of the Inner Palace 3,Kouko,Shirakawa,2023,Light Novel,N,N/I,Paperback,Paperback,,,Gwen
Raven of the Inner Palace 4,Kouko,Shirakawa,2023,Light Novel,N,N/I,Paperback,Paperback,,,Gwen
Raven of the Inner Palace 5,Kouko,Shirakawa,2024,Light Novel,N,N/I,Paperback,Paperback,,,Gwen
The Kept Man of the Princess Knight 1,Toru,Shirogane,2024,Light Novel,N,N/I,Paperback,Paperback,,259,Gwen
The Kept Man of the Princess Knight 2,Toru,Shirogane,2024,Light Novel,N,N/I,Paperback,Paperback,,278,Gwen
The Kept Man of the Princess Knight 3,Toru,Shirogane,2024,Light Novel,N,N/I,Paperback,Paperback,,277,Gwen
Will It Skillet,Daniel ,Shumski,2017,Cooking,N/A,N/A,,,,,Dale
The Sibley Guide to Trees,David Allen,Sibley,2009,Gardening,N/I,,NF - Nature,Hardback,,,Dale
The Sibley Guide to Birds,David Allen,Silbey,2014,Reference,N/A,N/A,NF - Nature,Hardback,,,Dale
They Both Die at the End,Adam,Silvera,2017,Romance,N,N/I,Paperback,Paperback,,379,Gwen
Hyperion,Dan ,Simmons,1989,Sci-Fi,N,Y,Paperback,Paperback,,,Dale
Lyonness 1: Salt Kiss,Sierra,Simone,2023,Romance,Y,N/I,Hardback,Hardback,Bookish,570,Gwen
Lyonness 2: Honey Cut,Sierra,Simone,2024,Romance,Y,N/I,Hardback,Hardback,Bookish,450,Gwen
New Camelot 1: American Queen,Sierra,Simone,2016,Romance,N,N/I,Paperback,Paperback,,392,Gwen
New Camelot 2: American Prince,Sierra,Simone,2017,Romance,N,N/I,Paperback,Paperback,,322,Gwen
New Camelot 3: American King,Sierra,Simone,2017,Romance,N,N/I,Paperback,Paperback,,441,Gwen
Black Ties and White Lies,Kat,Singleton,2025,Romance,N,N/I,Hardback,Hardback,Bookish,,Gwen
In Good Company,Kat,Singleton,2025,Romance,N,N/I,Hardback,Hardback,Probably Smut,403,Gwen
Omniscient Reader's Viewpoint 1,-,singNsong,2025,Light Novel,Y,N/I,Paperback,Paperback,,250,Gwen
Omniscient Reader's Viewpoint 2,-,singNsong,2025,Light Novel,Y,N/I,Paperback,Paperback,,236,Gwen
Omniscient Reader's Viewpoint 3,-,singNsong,2026,Light Novel,Y,N/I,Paperback,Paperback,,259,Gwen
The Briar Book of the Dead,A.G.,Slatter,2024,Fantasy,N,,Paperback,Paperback,,368,Gwen
Interstellar Pig,William,Sleator,1984,Sci-Fi,Y,,Paperback,Paperback,,,Gwen
Moonbound,Robin,Sloan,2024,Sci-Fi,N,,Hardback,Hardback,,415,Gwen
The Vegetable Gardener's Bible,Edward C.,Smith,2009,Gardening,,,NF - Nature,Paperback,,,Dale
Eisenhower in War and Peace,Jean Edward ,Smith,2012,Biography,N/I,,NF - Bio,Paperback,,,Dale
Bone,Jeff ,Smith,2004,Graphic Novel,,I,Comics,Paperback,,,Dale
The Undetectables,Courtney,Smyth,2023,Fantasy,N,,Paperback,Paperback,,448,Gwen
The Night Ends With Fire 1: The Night Ends With Fire,K.X.,Song,2024,Romantasy,N,N/I,Hardback,Hardback,Fairyloot,416,Gwen
The Night Ends With Fire 2: The Dragons Wakes With Thunder,K.X.,Song,2025,Romantasy,N,N/I,Hardback,Hardback,Fairyloot,436,Gwen
The Evermore Trilogy 1: Rose in Chains,Julie,Soto,2025,Romantasy,N,N/I,Hardback,Hardback,Fairyloot,443,Gwen
The Battle of Alberta,Mark ,Spector,2015,Sports,N/I,Y,NF - Sports,Hardback,,,Dale
The Complete Maus,Art ,Spiegelman,1991,Graphic Novel,N/I,,Comics,Hardback,,,Dale
Black Rabbit 1: Of Ink and Alchemy,Sloane,St. James,2026,Romance,N,N/I,Paperback,Paperback,Probably Smut,334,Gwen
2312,Kim,Stanley Robinson,2012,Sci-Fi,,Y,Hardback,Hardback,,561,Dale
Blue Mars,Kim,Stanley Robinson,1996,Sci-Fi,,,Hardback,Hardback,,609,Dale
Green Mars,Kim,Stanley Robinson,1993,Sci-Fi,,,Hardback,Hardback,,535,Dale
New York: 2140,Kim,Stanley Robinson,2017,Sci-Fi,,,Hardback,Hardback,,613,Dale
Red Mars,Kim,Stanley Robinson,1992,Sci-Fi,,Y,Paperback,Paperback,,,Dale
Red Moon,Kim,Stanley Robinson,2018,Sci-Fi,,,Hardback,Hardback,,446,Dale
The Ministry for the Future,Kim,Stanley Robinson,2020,Sci-Fi,,,Hardback,Hardback,,563,Dale
This Vicious Dream,Stacia,Stark,2025,Romantasy,N,N/I,Hardback,Hardback,Bookish,344,Gwen
We Who Will Die,Stacia,Stark,2025,Romantasy,N,N/I,Hardback,Hardback,Fairyloot,420,Gwen
Seveneves,Neal,Stephenson,2015,Sci-Fi,,,Paperback,Paperback,,,Dale
Our Infinite Fates,Laura,Steven,2025,Romantasy,N,N/I,Hardback,Hardback,BotM,340,Gwen
The Drowning Empire 1: The Bone Shard Daughter,Andrea,Stewart,2020,Fantasy,N,,Hardback,Hardback,Broken Binding,440,Gwen
The Drowning Empire 2: The Bone Shard Emperor,Andrea,Stewart,2021,Fantasy,N,,Hardback,Hardback,Broken Binding,548,Gwen
The Drowning Empire 3: The Bone Shard War,Andrea,Stewart,2023,Fantasy,N,,Hardback,Hardback,Broken Binding,616,Gwen
Making It So,Patrick,Stewart,2023,Memoir,,,NF - Bio,Hardback,,,Dale
The Science of Discworld,Ian & Jack Cohen,Stewart ,2002,Fantasy,,,,,,,Dale
Succulents,Robin ,Stockwell,2017,Gardening,N/I,Y,NF - Nature,Hardback,,,Dale
Dracula,Bram,Stoker,1897,Horror,I,,Paperback,Paperback,,,Dale
Dracula,Bram,Stoker,1897,Horror,I,,Paperback,Paperback,,,Gwen
The Lamplighters,Emma,Stonex,2021,Mystery,N,,Hardback,Hardback,,355,Gwen
Dune: The Official Movie Graphic Novel,"Johsnon, ZID, Niezam",Sturges,,Graphic Novel,N/I,,Comics,Hardback,,,Dale
The Riyria Revelations 1: Theft of Swords,Michael J.,Sullivan,2011,Fantasy,N,,Paperback,Paperback,,649,Gwen
The Riyria Revelations 2: Rise of Empire,Michael J.,Sullivan,2011,Fantasy,N,,Paperback,Paperback,,756,Gwen
The Riyria Revelations 3: Heir of Novron,Michael J.,Sullivan,2012,Fantasy,N,,Paperback,Paperback,,895,Gwen
The Bookshop Below,Georgia,Summers,2025,Fantasy,N,,Hardback,Hardback,Illumicrate,,Gwen
The Isle in the Silver Sea,Tasha,Suri,2025,Romantasy,N,N/I,Hardback,Hardback,Illumicrate,484,Gwen
Fortuna Sworn 1: Fortuna Sworn,K.J.,Sutton,2019,Romantasy,N,N/I,Hardback,Hardback,Fairyloot,298,Gwen
Fortuna Sworn 2: Restless Slumber,K.J.,Sutton,2020,Romantasy,N,N/I,Hardback,Hardback,Fairyloot,438,Gwen
Fortuna Sworn 3: Deadly Dreams,K.J.,Sutton,2020,Romantasy,N,N/I,Hardback,Hardback,Fairyloot,506,Gwen
Fortuna Sworn 4: Beautiful Nightmares,K.J.,Sutton,2022,Romantasy,N,N/I,Hardback,Hardback,Fairyloot,715,Gwen
The Great Silence 1: Grave Empire,Richard,Swan,2025,Fantasy,N,,Hardback,Hardback,Broken Binding,509,Gwen
The Grave of Empires 1: Seven Blades in Black,Sam,Sykes,2019,Fantasy,N,,Paperback,Paperback,,661,Gwen
The Celestial Kingdom 1: Daughter of the Moon Goddess,Sue Lynn,Tan,2022,Romantasy,Y,N/I,Hardback,Hardback,,498,Gwen
The Celestial Kingdom 2: Heart of the Sun Warrior,Sue Lynn,Tan,2022,Romantasy,Y,N/I,Hardback,Hardback,,465,Gwen
The Celestial Kingdom: Immortal,Sue Lynn,Tan,2025,Romantasy,N,N/I,Hardback,Hardback,,450,Gwen
Darker By Four,Tune CL,Tan,2024,Fantasy,Y,,Hardback,Hardback,Fairyloot,392,Gwen
Bobiverse 1: We Are Legion (We Are Bob),Dennis E.,Taylor,2016,Sci-Fi,Y,,Hardback,Hardback,,302,Gwen
Strange the Dreamer 1: Strange the Dreamer,Laini,Taylor,2017,Fantasy,N,,Hardback,Hardback,Owlcrate,532,Gwen
Strange the Dreamer 2: Muse of Nightmares,Laini,Taylor,2018,Fantasy,N,,Hardback,Hardback,Owlcrate,514,Gwen
Service Model,Adrian,Tchaikovsky,2024,Sci-Fi,Y,,Hardback,Display,Broken Binding,373,Gwen
Children of Memory,Adrian ,Tchaikovsky,2023,Sci-Fi,N,Y,Paperback,Paperback,,,Dale
Children of Ruin,Adrian ,Tchaikovsky,2019,Sci-Fi,N,Y,Paperback,Paperback,,,Dale
Children of Time,Adrian ,Tchaikovsky,2015,Sci-Fi,Y,Y,Paperback,Paperback,,,Dale
Elder Race,Adrian,Tchiakovsky ,2021,Sci-Fi,N,,Paperback,Paperback,,,Dale
Birds of Ohio Field Guide,Stan,Tekiela,2020,Reference,N/A,N/A,,,,,Dale
The Incandescent,Emily,Tesh,2025,Fantasy,Y,N/I,Hardback,Hardback,,420,Gwen
Our Dumb Century,-,The Onion,1999,History,N/I,Y,,,,,Dale
Our Dumb World,-,The Onion,2007,Geography,N/I,Y,,,,,Dale
Demon King's Gardener 1-3,Rori,Thornton,2023,Romantasy,N,N/I,Hardback,Hardback,Rainbow Crate,428,Gwen
Margo's Got Money Troubles,Rufi,Thorpe,2024,Fiction,N,,Hardback,Hardback,,298,Gwen
Slayer: An Expanded and Updated Unofficial and Unauthorised Guide,Keith,Topping,2002,Guidebook,Y,,,Paperback,,,Gwen
Ink Blood Sister Scribe,Emma,Torzs,2023,Fantasy,N,,Hardback,Hardback,Illumicrate,407,Gwen
Japan Before Perry,Conrad ,Totman,1981,History,N/I,,NF - History,Paperback,,,Dale
Tokyo Ghoul: Days,Shin,Towada,2013,Light Novel,N,N/I,Paperback,Paperback,,256,Gwen
Tokyo Ghoul: Past,Shin,Towada,2014,Light Novel,N,N/I,Paperback,Paperback,,,Gwen
Tokyo Ghoul: Void,Shin,Towada,2014,Light Novel,N,N/I,Paperback,Paperback,,,Gwen
The Answer Is...,Alex ,Trebek,2020,Memoir,N/I,,NF - Bio,Hardback,,,Dale
Teays Valley Viking Voyager 2005,-,TVHS Yearbook Club,2005,Yearbook,N/I,Y,NF - Other,Hardback,,,Dale
Teays Valley Viking Voyager 2006,-,TVHS Yearbook Club,2006,Yearbook,N/I,Y,NF - Other,Hardback,,,Dale
Teays Valley Viking Voyager 2007,-,TVHS Yearbook Club,2007,Yearbook,N/I,Y,NF - Other,Hardback,,,Dale
Teays Valley Viking Voyager 2008,-,TVHS Yearbook Club,2008,Yearbook,N/I,Y,NF - Other,Hardback,,,Dale
Qualia the Purple,Hisamitsu,Ueo,2022,Light Novel,N,N/I,Paperback,Paperback,,278,Gwen
Strange Buildings,-,Uketsu,2026,Horror,N,,Paperback,Paperback,,398,Gwen
Strange Houses,-,Uketsu,2021,Horror,Y,,Paperback,Paperback,,197,Gwen
Space Opera,Catherynne M. ,Valente,2018,Sci-Fi,,,Paperback,Paperback,,,Dale
Borne 1: Borne,Jeff,Vandermeer,2017,Sci-Fi,N,,Paperback,Paperback,,349,Gwen
Borne 2: Dead Astronauts,Jeff,Vandermeer,2019,Sci-Fi,N,,Paperback,Paperback,,352,Gwen
The Southern Reach 1: Annihilation,Jeff,Vandermeer,2026,Sci-Fi,Y,,Hardback,Hardback,Illumicrate,195,Gwen
The Southern Reach 2: Authority,Jeff,Vandermeer,2026,Sci-Fi,Y,,Hardback,Hardback,Illumicrate,341,Gwen
The Southern Reach 3: Acceptance,Jeff,Vandermeer,2026,Sci-Fi,Y,,Hardback,Hardback,Illumicrate,338,Gwen
The Southern Reach 4: Absolution,Jeff,Vandermeer,2026,Sci-Fi,Y,,Hardback,Hardback,Illumicrate,437,Gwen
Veniss Underground,Jeff,Vandermeer,2003,Fantasy,N,,Hardback,Hardback,,278,Gwen
Age of Rebellion,-,Various,,RPG,N/A,N/A,,,,,Dale
Book of Nightmares,-,Various,1995,Horror,Y,,Paperback,Paperback,,,Gwen
Classic Science Fiction,-,Various,2019,Sci-Fi,,,Hardback,Hardback,,785,Dale
DnD 3.5 Ed Player's Handbook,-,Various,,RPG,N/I,Y,,,,,Dale
DnD 5th Ed. Dungeon Master's Guide,-,Various,2014,RPG,N/A,N/A,,,,,Dale
DnD 5th Ed. Monster Manual ,-,Various,2014,RPG,N/A,N/A,,,,,Dale
DnD 5th Ed. Player's Handbook,-,Various,2014,RPG,N/A,N/A,,,,,Dale
DnD 5th Ed. Sword Coast Adventurer's Guide ,-,Various,2015,RPG,N/A,N/A,,,,,Dale
Edge of the Empire,-,Various,,RPG,N/A,N/A,,,,,Dale
Favorite Brand Name Bake Sale Cookbook,-,Various,1997,Cooking,N/A,N/A,,,,,Dale
Genki 1 Textbook 3rd Ed,-,Various,2020,Textbook,Y,,,Paperback,,,Gwen
Genki 1 Workbook 3rd Ed,-,Various,2020,Textbook,Y,,,Paperback,,,Gwen
Genki 2 Textbook 3rd Ed,-,Various,2020,Textbook,Y,,,Paperback,,,Gwen
Genki 2 Workbook 3rd Ed,-,Various,2020,Textbook,Y,,,Paperback,,,Gwen
Hyrule Historia,-,Various,2013,Art,N/A,N/A,,,,,Dale
"It's a Queer, Queer Summer",-,Various,2025,Short Stories,N,N/I,Hardback,Hardback,,297,Gwen
Japanese Fairy Tales,-,Various,-,Short Stories,N,,Paperback,Paperback,,249,Gwen
Japanese Stories for Language Learners,-,Various,2018,Textbook,N,,JP Novel,Paperback,,,Gwen
Lex Arcana Core Rulebook,-,Various,2019,RPG,N/A,N/A,,,,,Dale
Lost Mars,-,Various,2018,Sci-Fi,,,Paperback,Paperback,,,Dale
Nihongo So-Matome N3 Kanji,-,Various,2011,Textbook,Y,,,Paperback,,,Gwen
Nihongo So-Matome N3 Listening Comprehension,-,Various,2011,Textbook,Y,,,Paperback,,,Gwen
Quartet 1,-,Various,2019,Textbook,Y,,,Paperback,,,Gwen
Quartet 1 Workbook,-,Various,2019,Textbook,Y,,,Paperback,,,Gwen
Quartet 2,-,Various,2020,Textbook,Y,,,Paperback,,,Gwen
Quartet 2 Workbook,-,Various,2020,Textbook,Y,,,Paperback,,,Gwen
Read Real Japanese (Fiction),-,Various,2008,Fiction,N,,JP Novel,Paperback,,,Gwen
Slow Cooker Recipes,-,Various,2002,Cooking,N/A,N/A,,,,,Dale
Star Trek Adventures Core Rulebook,-,Various,2017,RPG,N/A,N/A,,,,,Dale
Tales for Twilight: Two Hundred Years of Scottish Ghost Stories,-,Various,2023,Horror,N,,Paperback,Paperback,,276,Gwen
The Best Practice Tests for the JLPT N2,-,Various,2019,Textbook,Y,,,Paperback,,,Gwen
The Best Practice Tests for the JLPT N3,-,Various,2019,Textbook,Y,,,Paperback,,,Gwen
The Best Practice Tests for the JLPT N4,-,Various,2020,Textbook,Y,,,Paperback,,,Gwen
The Complete America's Test Kitchen 2001-2021,-,Various,2021,Cooking,N/A,N/A,,,,,Dale
The Complete Cooking for Two Cookbook,-,Various,2014,Cooking,N/A,N/A,,,,,Dale
The Complete Vegetarion Cookbook,-,Various,2015,Cooking,N/A,N/A,,,,,Dale
The Edinburgh Mystery,-,Various,2022,Mystery,Y,,Paperback,Paperback,,,Gwen
The Making of Fire Emblem: 25 Years of Development Secrets,-,Various,2015,History,N,,,Paperback,,,Gwen
Young Folks' Tales from Scott,-,Various,1909,Fiction,N/I,,Hardback,Hardback,,,Gwen
中級へ行こう,-,Various,2004,Textbook,Y,,,Paperback,,,Gwen
新完全マスター　懲戒　N2,-,Various,2011,Textbook,I,,,Paperback,,,Gwen
新完全マスター　文法　N2,-,Various,2011,Textbook,I,,,Paperback,,,Gwen
新完全マスター　漢字　N2,-,Various,2011,Textbook,N/I,,,Paperback,,,Gwen
新完全マスター　語彙　N2,-,Various,2011,Textbook,I,,,Paperback,,,Gwen
新完全マスター　読解　N2,-,Various,2011,Textbook,I,,,Paperback,,,Gwen
日本語５００問 N2,-,Various,2015,Textbook,Y,,,Paperback,,,Gwen
日本語５００問 N3,-,Various,2015,Textbook,Y,,,Paperback,,,Gwen
日本語５００問 N4-N5,-,Various,2015,Textbook,Y,,,Paperback,,,Gwen
Saga Book One,Brian K. & Fiona Staples,Vaughan,2014,Graphic Novel,N/I,,Comics,Hardback,,,Dale
Saga Volume 1,Brian K. & Fiona Staples,Vaughan,2012,Graphic Novel,N/I,,Comics,Paperback,,,Dale
Saga Volume 2,Brian K. & Fiona Staples,Vaughan,2013,Graphic Novel,N/I,,Comics,Paperback,,,Dale
"20,000 Leagues Under the Sea",Jules,Verne,1869,Sci-Fi,N/I,Y,Paperback,Paperback,,,Dale
Slaughterhouse Five,Kurt,Vonnegut,1969,Sci-Fi,Y,,Paperback,Paperback,,,Gwen
Pandora Hearts: Caucus Race 1,Shinobu,Wakamiya,2015,Light Novel,N,N/I,Paperback,Paperback,,,Gwen
Pandora Hearts: Caucus Race 2,Shinobu,Wakamiya,2015,Light Novel,N,N/I,Paperback,Paperback,,,Gwen
Pandora Hearts: Caucus Race 3,Shinobu,Wakamiya,2016,Light Novel,N,N/I,Paperback,Paperback,,,Gwen
The Other World's Books Depend on the Bean Counter 1,Yatsuki,Wakatsu,2024,Light Novel,Y,N/I,Paperback,Paperback,,,Gwen
The Other World's Books Depend on the Bean Counter 2,Yatsuki,Wakatsu,2024,Light Novel,N,N/I,Paperback,Paperback,,263,Gwen
You'd Look Better as a Ghost,Joanna,Wallace,2023,Mystery,N,,Paperback,Paperback,,336,Gwen
Blood Over Bright Haven,M.L.,Wang,2023,Fantasy,Y,,Hardback,Hardback,Broken Binding,428,Gwen
Seasons of Carnage 1: Tourist Season,Brynne,Weaver,2025,Romance,Y,N/I,Hardback,Hardback,,388,Gwen
The Ruinous Love 1: Butcher & Blackbird,Brynne,Weaver,2023,Romance,Y,N/I,Hardback,Hardback,BotM,345,Gwen
The Ruinous Love 2: Leather & Lark,Brynne,Weaver,2024,Romance,Y,N/I,Hardback,Hardback,BotM,390,Gwen
The Ruinous Love 3: Scythe & Sparrow,Brynne,Weaver,2025,Romance,Y,N/I,Hardback,Hardback,BotM,390,Gwen
The Golem and the Jinni 1: The Golem and the Jinni,Helene,Wecker,2013,Fantasy,N,,Paperback,Paperback,,484,Gwen
Lightbringer 1: The Black Prism,Brent,Weeks,2010,Fantasy,N,,Paperback,Paperback,,626,Gwen
A City on Mars,Kelly and Zach,Weinersmith,2023,Science,Y,,NF - Musings,Paperback,,390,Gwen
Artemis,Andy ,Weir,2017,Sci-Fi,,,Hardback,Hardback,,305,Dale
Project Hail Mary,Andy ,Weir,2021,Sci-Fi,Y,Y,Hardback,Hardback,,476,Dale
The Martian,Andy ,Weir,2011,Sci-Fi,Y,Y,Paperback,Paperback,,,Dale
50 Battles That Changed the World,William ,Weir,2004,History,N/I,Y,NF - History,Hardback,,,Dale
H.G. Wells Collector's Book of Science Fiction,H.G. ,Wells,1978,Sci-Fi,,,Hardback,Hardback,,514,Dale
The War of the Worlds & The Invisible Man & The Time Machine,H.G. ,Wells,1985,Sci-Fi,N,N,Hardback,Hardback,,283,Gwen
Books of Raksura 1: The Cloud Roads,Martha,Wells,2011,Fantasy,N,,Paperback,Paperback,,274,Gwen
Books of Raksura 2: The Serpent Sea,Martha,Wells,2012,Fantasy,N,,Paperback,Paperback,,338,Gwen
Queen Demon,Martha,Wells,2025,Fantasy,Y,,Hardback,Hardback,,382,Gwen
The Murderbot Diaries 1: All Systems Red,Martha,Wells,2017,Sci-Fi,Y,,Lent,Hardback Set,,,Gwen
The Murderbot Diaries 2: Artificial Condition,Martha,Wells,2018,Sci-Fi,Y,,Lent,Hardback Set,,,Gwen
The Murderbot Diaries 3: Rogue Protocol,Martha,Wells,2018,Sci-Fi,Y,,Lent,Hardback Set,,,Gwen
The Murderbot Diaries 4: Exit Strategy,Martha,Wells,2018,Sci-Fi,Y,,Lent,Hardback Set,,,Gwen
The Murderbot Diaries 5: Network Effect,Martha,Wells,2020,Sci-Fi,Y,,Hardback,Hardback,,350,Gwen
The Murderbot Diaries 6: Fugitive Telemetry,Martha,Wells,2021,Sci-Fi,Y,,Hardback,Hardback,,168,Gwen
The Murderbot Diaries 7: System Collapse,Martha,Wells,2023,Sci-Fi,Y,,Hardback,Hardback,,243,Gwen
The Murderbot Diaries 8: Platform Decay,Martha,Wells,2026,Sci-Fi,N,,Hardback,Hardback,,244,Gwen
The Murderbot Diaries: Network Effect,Martha,Wells,2025,Sci-Fi,Y,,Hardback,Hardback,Broken Binding,,Gwen
The Murderbot Diaries: Volume 3,Martha,Wells,2025,Sci-Fi,Y,,Hardback,Hardback,Broken Binding,,Gwen
The Murderbot Diaries: Volumes 1-2,Martha,Wells,2025,Sci-Fi,Y,,Hardback,Hardback,Broken Binding,,Gwen
Witch King,Martha,Wells,2023,Fantasy,Y,,Hardback,Hardback,Illumicrate,415,Gwen
The Bar Code Tattoo,Suzanne,Weyn,2004,Sci-Fi,Y,,Paperback,Paperback,,,Gwen
Mystery on the Isle of Skye,Phyllis A.,Whitney,1944,Mystery,N/I,,Hardback,Hardback,,,Gwen
The Picture of Dorian Gray,Oscar ,Wilde,1890,Horror,,,Paperback,Paperback,,,Dale
My Dark Beast,Olivia,Wildenstein,2024,Romantasy,N,N/I,Hardback,Hardback,Bookish,572,Gwen
The Golden Apple Duet,Ali,Williams,2024,Romantasy,N,N/I,Hardback,Hardback,Rainbow Crate,136,Gwen
The Bookbinder,Pip,Williams,2023,Fiction,N,,Hardback,Hardback,,424,Gwen
"Memory, Sorrow, and Thorn 1: The Dragonbone Chair",Tad,Williams,1988,Fantasy,N,,Hardback,Hardback,Broken Binding,916,Gwen
"Memory, Sorrow, and Thorn 2: Stone of Farewell",Tad,Williams,1990,Fantasy,N,,Hardback,Hardback,Broken Binding,854,Gwen
"Memory, Sorrow, and Thorn 3: To Green Angel Tower - Siege",Tad,Williams,,Fantasy,N,,Hardback,Hardback,Broken Binding,775,Gwen
"Memory, Sorrow, and Thorn 3: To Green Angel Tower - Storm",Tad,Williams,,Fantasy,N,,Hardback,Hardback,Broken Binding,797,Gwen
Doomsday Book,Connie,Willis,1992,Sci-Fi,N,,Hardback,Hardback,Broken Binding,587,Gwen
The Burning 1: The Rage of Dragons,Evan,Winter,2017,Fantasy,N,,Paperback,Paperback,,535,Gwen
The Burning 2: The Fires of Vengeance,Evan,Winter,2020,Fantasy,N,,Paperback,Paperback,,504,Gwen
The Ashen 1: The Road of Bones,Demi,Winters,2024,Romantasy,N,N/I,Hardback,Hardback,BotM,539,Gwen
Dungeons & Dragons: Dungeon Master's Guide,-,Wizards of the Coast,2014,RPG,Y,,,Hardback,,,Gwen
Dungeons & Dragons: Hoard of the Dragon Queen,-,Wizards of the Coast,2014,RPG,Y,,,Hardback,,,Gwen
Dungeons & Dragons: Monster Manual,-,Wizards of the Coast,2014,RPG,Y,,,Hardback,,,Gwen
Dungeons & Dragons: Mordenkainen's Tome of Foes,-,Wizards of the Coast,2018,RPG,Y,,,Hardback,,,Gwen
Dungeons & Dragons: Player's Handbook,-,Wizards of the Coast,2014,RPG,Y,,,Hardback,,,Gwen
Dungeons & Dragons: Starter Set,-,Wizards of the Coast,2014,RPG,Y,,,Hardback,,,Gwen
Dungeons & Dragons: Starter Set (Stranger Things),-,Wizards of the Coast,2018,RPG,Y,,,Hardback,,,Gwen
Dungeons & Dragons: The Guildmaster's Guide to Ravnica,-,Wizards of the Coast,2018,RPG,Y,,,Hardback,,,Gwen
Dungeons & Dragons: The Rise of Tiamat,-,Wizards of the Coast,2014,RPG,Y,,,Hardback,,,Gwen
Dungeons & Dragons: The Wild Beyond the Witchlight,-,Wizards of the Coast,2021,RPG,I,,,Hardback,,,Gwen
Dungeons & Dragons: Volo's Guide to Monsters,-,Wizards of the Coast,2016,RPG,Y,,,Hardback,,,Gwen
Dungeons & Dragons: Waterdeep Dragon Heist,-,Wizards of the Coast,2018,RPG,Y,,,Hardback,,,Gwen
Dungeons & Dragons: Xanathar's Guide to Everything,-,Wizards of the Coast,2017,RPG,Y,,,Hardback,,,Gwen
Star Bringer,Tracy & Nina Croft,Wolf,2023,Sci-Fi,N,,Hardback,Hardback,,608,Gwen
Imbibe!,David ,Wondrich,2007,Food,N/I,,,,,,Dale
Retribution Falls,Chris ,Wooding,2009,Sci-Fi,,,Paperback,Paperback,,,Dale
After the Forest,Kell,Woods,2023,Fantasy,N,,Hardback,Hardback,Illumicrate,467,Gwen
The Female,Invi,Wright,2023,Romance,N,N/I,Hardback,Hardback,Bookish,323,Gwen
100 Pasta Sauces,Jeni ,Wright,2000,Cooking,N/A,N/A,,,,,Dale
Take Your Eye Off the Puck,Greg ,Wyshynski,2015,Sports,N/I,Y,NF - Sports,Paperback,,,Dale
SPY X FAMILY: Family Portrait,Aya,Yajima,2023,Light Novel,N,N/I,Paperback,Paperback,,162,Gwen
Hammajang Luck,Makana,Yamamoto,2024,Sci-Fi,N,,Hardback,Hardback,Illumicrate,365,Gwen
Water Moon,Samantha Sotto,Yambao,2025,Romantasy,N,N/I,Hardback,Hardback,Illumicrate,372,Gwen
"Brighter than Scale, Swifter than Flame",Neon,Yang,2025,Romantasy,N,N/I,Hardback,Hardback,,164,Gwen
The Empyrean 1: Fourth Wing,Rebecca,Yarros,2023,Romantasy,Y,N/I,Hardback,Hardback,,517,Gwen
The Empyrean 2: Iron Flame,Rebecca,Yarros,2023,Romantasy,Y,N/I,Hardback,Hardback,,623,Gwen
The Empyrean 3: Onyx Storm,Rebecca,Yarros,2025,Romantasy,Y,N/I,Hardback,Hardback,Fairyloot,527,Gwen
Fallen City,Adrienne,Young,2025,Romantasy,N,N/I,Hardback,Hardback,Fairyloot,422,Gwen
Grimm Bargains 1: One Cursed Rose,Rebecca,Zanetti,2024,Romance,N,N/A,Hardback,Hardback,,341,Gwen
"Tomorrow, And Tomorrow, And Tomorrow",Gabrielle,Zevin,2022,Fiction,Y,,Paperback,Paperback,,397,Gwen
Epic Failure 1: Mechanical Failure,Joe,Zieja,2016,Sci-Fi,N,,Paperback,Paperback,,352,Gwen
すずめの戸締まり,-,新海　誠,2022,Light Novel,I,N/I,,Paperback,,,Gwen
君の名は,-,新海　誠,2016,Light Novel,N,N/I,,Paperback,,,Gwen
天気の子,-,新海　誠,2019,Light Novel,N,N/I,,Paperback,,,Gwen
GdM Issue 45,,,2025,,N,,Magazine,Magazine,,,Gwen
マンガって何？,,,,Art,N,N/I,JP Novel,Paperback,,,Gwen
光が死んだ夏１,,,,Light Novel,N,N/I,JP Novel,Paperback,,,Gwen
光が死んだ夏２,,,,Light Novel,N,N/I,JP Novel,Paperback,,,Gwen
薬屋のひとりごと１,,,,Light Novel,N,N/I,JP Novel,Paperback,,,Gwen